,Loan_Amount,Interest_Rate,Loan_Term,Applicant_Income,Coapplicant_Income,Credit_Score,Property_Area,Employment_Years,Debt_to_Income_Ratio,Collateral_Value,Application_Date,Loan_Type
0,40783.7,6.08%,30,814.02,1248.69,300.0,10902.57,2,35.73,55691.22,2024-02-11,Home Loan
1,15165.57,11.51%,13,3095.34,1598.31,300.0,3820.61,9,0.93,19517.17,2019-03-03,Agricultural Loan
2,1079.69,11.28%,30,4098.08,2912.64,300.0,8917.89,5,15.33,1603.03,2019-03-13,Agricultural Loan
3,26251.79,6.49%,30,11951.28,5777.49,300.0,2557.26,8,90.11,33624.0,2021-07-04,Personal Loan
4,17577.19,10.05%,26,2669.93,3000.2,300.0,3241.0,9,15.52,25586.92,2024-01-30,Agricultural Loan
5,120809.13,1.77%,30,10497.8,877.97,300.0,3936.14,2,7.59,185986.96,2021-11-07,Education Loan
6,137539.38,4.6%,30,5274.83,4520.93,300.0,3811.01,5,6.04,188871.37,2019-01-29,Auto Loan
7,34758.85,10.89%,30,2657.04,2520.38,300.0,9801.33,12,36.78,54822.93,2023-02-09,Personal Loan
8,10549.99,6.48%,27,5063.05,3941.98,300.0,11703.7,9,82.1,12019.35,2021-07-15,Agricultural Loan
9,100069.64,3.56%,30,10091.71,1811.95,300.0,6366.43,0,23.96,118318.87,2023-03-16,Education Loan
10,153117.33,6.82%,30,90.15,2346.92,300.0,2457.05,4,18.87,237604.68,2019-01-10,Auto Loan
11,1517.97,10.29%,17,1830.04,3445.22,300.0,4328.13,10,13.59,2235.96,2020-04-17,Agricultural Loan
12,53685.22,2.3%,30,9831.97,1711.39,300.0,762.52,8,89.18,80710.47,2024-01-19,Personal Loan
13,60195.37,3.61%,30,4250.64,4304.58,300.0,10477.06,8,24.14,71027.33,2020-01-16,Agricultural Loan
14,2937.98,9.53%,30,1069.86,5657.6,300.0,10220.24,10,30.53,4452.06,2018-06-14,Agricultural Loan
15,50391.28,11.2%,30,6389.84,4609.63,300.0,3141.9,3,3.59,55794.41,2014-10-24,Auto Loan
16,87117.8,2.38%,16,9443.56,1492.3,300.0,8029.83,6,65.93,118794.14,2024-04-14,Education Loan
17,7202.68,1.56%,30,12551.49,5669.03,300.0,4224.66,8,10.52,10842.04,2022-01-01,Personal Loan
18,10086.07,10.4%,30,10775.02,2844.68,300.0,6456.89,9,52.77,13257.52,2016-12-24,Personal Loan
19,106684.28,7.21%,30,4816.08,1392.65,300.0,1721.01,2,17.88,148998.94,2018-04-08,Auto Loan
20,130483.07,4.34%,13,9819.56,4245.28,300.0,5492.79,1,1.6,169426.62,2020-07-23,Auto Loan
21,56751.48,9.54%,5,7264.15,2005.16,300.0,6734.62,5,4.84,75445.74,2022-12-25,Home Loan
22,6207.75,7.97%,30,907.17,1596.91,300.0,7544.13,2,8.07,8601.17,2018-07-31,Home Loan
23,48249.29,7.2%,30,10310.15,5879.95,300.0,787.55,11,30.01,76543.45,2018-11-07,Personal Loan
24,85825.14,2.97%,30,12320.84,3898.14,300.0,1488.83,2,55.31,100895.03,2019-05-21,Education Loan
25,12808.13,10.3%,30,1745.62,1422.83,300.0,8824.91,4,9.65,14325.62,2023-11-04,Home Loan
26,77151.0,1.0%,30,8867.49,3300.01,300.0,4106.54,1,18.41,123105.09,2023-02-08,Education Loan
27,20608.97,5.87%,30,609.78,279.2,300.0,529.16,1,14.06,32256.88,2021-05-19,Home Loan
28,102058.88,7.16%,30,10399.07,3918.48,300.0,4683.69,0,15.46,136940.97,2020-11-08,Auto Loan
29,43464.86,5.61%,30,6818.82,1164.73,300.0,9160.18,7,11.67,54856.17,2014-12-06,Home Loan
30,25733.0,6.77%,26,4625.31,2334.55,300.0,8637.36,9,26.65,34069.17,2021-03-02,Agricultural Loan
31,91645.39,3.01%,30,5107.03,2419.35,300.0,10167.49,6,22.23,119876.43,2021-02-16,Auto Loan
32,9698.8,8.24%,30,3819.27,4842.97,300.0,10446.22,10,31.24,14596.45,2020-12-27,Agricultural Loan
33,115002.33,10.77%,5,7507.07,3228.34,300.0,6724.67,2,4.85,143423.97,2020-03-19,Auto Loan
34,38802.51,11.12%,30,10335.98,7217.32,300.0,7742.78,11,3.25,51712.18,2015-05-11,Personal Loan
35,84278.85,12.67%,30,2682.09,2807.79,300.0,3480.49,1,24.15,122545.69,2014-11-29,Auto Loan
36,56373.93,1.0%,26,2226.13,1333.05,300.0,3394.28,3,22.4,82133.08,2023-04-07,Home Loan
37,72924.81,7.22%,30,2114.11,4114.91,300.0,12041.19,7,23.83,105094.53,2018-06-23,Agricultural Loan
38,51641.98,7.21%,21,9133.95,231.17,300.0,1046.6,2,25.68,70360.4,2020-10-21,Home Loan
39,14713.49,3.45%,20,1057.46,634.3,300.0,548.76,2,67.2,22182.54,2015-02-18,Home Loan
40,58327.19,10.22%,30,4867.63,6254.38,300.0,101.97,7,0.15,88891.59,2023-03-01,Personal Loan
41,18268.18,12.94%,5,2527.07,3049.99,300.0,12549.18,3,35.88,24381.73,2015-05-28,Agricultural Loan
42,20865.39,3.71%,30,1530.36,4138.87,300.0,7297.53,6,14.87,25909.9,2023-04-09,Agricultural Loan
43,35450.75,4.68%,30,1312.01,2812.63,300.0,4568.0,2,2.29,47819.84,2019-12-05,Home Loan
44,155.88,4.62%,30,1777.41,1613.2,300.0,247.61,3,8.29,211.89,2024-08-15,Home Loan
45,21774.37,7.53%,5,5902.8,1583.08,300.0,7793.13,3,69.47,27725.88,2023-03-22,Home Loan
46,97206.01,1.14%,30,11830.41,2629.5,300.0,3716.66,3,58.33,130240.22,2016-05-29,Education Loan
47,143462.6,3.76%,30,4584.38,4484.19,300.0,11822.4,1,3.78,223010.81,2023-06-17,Auto Loan
48,137033.31,7.27%,30,8104.48,579.35,300.0,5581.8,1,49.68,219075.67,2015-05-24,Auto Loan
49,108253.16,1.59%,30,7773.18,1241.9,300.0,4833.58,5,11.39,157503.06,2019-03-02,Education Loan
50,13298.32,7.36%,30,1252.54,2.88,300.0,8379.17,0,22.47,17198.07,2018-04-21,Home Loan
51,14266.05,2.19%,30,10286.42,2869.95,300.0,6695.13,11,26.44,16336.36,2022-09-24,Personal Loan
52,14573.07,10.48%,30,5302.27,2825.09,300.0,6820.61,13,16.24,21613.28,2022-02-19,Agricultural Loan
53,89363.3,1.65%,30,7685.96,2430.2,300.0,8257.48,3,30.15,114373.66,2024-03-27,Education Loan
54,78947.77,1.45%,30,7201.28,750.62,300.0,1832.85,1,25.04,119061.54,2018-10-28,Education Loan
55,52044.42,10.49%,7,7467.55,1670.65,300.0,13977.73,11,16.79,63135.44,2021-05-27,Agricultural Loan
56,45347.32,8.58%,23,1049.29,6280.24,300.0,8834.71,5,40.0,52925.46,2021-02-25,Agricultural Loan
57,15078.74,7.2%,9,1142.91,605.52,300.0,6174.29,1,45.22,22474.79,2023-09-01,Home Loan
58,78446.8,1.26%,30,9188.3,2668.97,300.0,8893.46,2,6.67,87234.31,2021-03-08,Education Loan
59,120435.96,14.0%,30,9951.14,2630.28,300.0,2038.63,3,31.38,182627.65,2022-12-08,Auto Loan
60,11539.03,10.76%,30,905.15,3998.12,300.0,3184.57,12,5.56,17380.77,2017-09-20,Agricultural Loan
61,104948.52,1.59%,30,5945.77,4697.65,300.0,675.43,2,41.35,167122.27,2017-04-16,Auto Loan
62,8943.09,12.23%,30,544.46,5007.03,300.0,2669.71,4,13.59,12362.57,2016-09-05,Agricultural Loan
63,103779.31,5.52%,30,9225.99,3924.85,300.0,846.41,5,65.28,130034.29,2014-12-12,Education Loan
64,48335.95,8.89%,30,10074.99,1743.97,300.0,2869.37,7,98.77,60098.32,2019-02-03,Personal Loan
65,40568.85,6.94%,30,9712.58,5368.27,300.0,372.97,7,4.42,46349.49,2020-06-26,Personal Loan
66,57241.69,7.03%,30,4778.67,4282.27,300.0,5148.0,8,80.71,76355.93,2023-01-18,Personal Loan
67,5147.56,5.6%,11,3895.14,922.64,300.0,6379.38,0,40.88,6743.37,2019-04-04,Home Loan
68,126383.59,8.67%,30,6156.71,2680.96,300.0,669.85,3,5.05,176957.13,2024-09-15,Auto Loan
69,60589.73,2.9%,30,4125.8,1186.28,300.0,3952.48,3,30.88,70149.16,2017-02-04,Agricultural Loan
70,120601.17,7.24%,30,5751.17,2008.56,300.0,6254.71,4,54.1,180974.6,2018-05-21,Auto Loan
71,84719.94,10.57%,30,2082.51,1537.05,300.0,7872.9,0,37.61,133360.35,2015-10-23,Auto Loan
72,59867.15,9.82%,7,9104.78,3460.52,300.0,4084.92,4,72.14,87344.13,2015-02-21,Auto Loan
73,49913.2,6.42%,30,7579.14,4105.51,300.0,7399.88,9,11.06,79062.78,2019-09-22,Personal Loan
74,64463.57,12.91%,30,5883.65,5478.41,300.0,2198.98,0,20.12,80828.8,2024-10-20,Auto Loan
75,128338.62,1.0%,30,8425.15,260.93,300.0,6166.45,1,2.11,178674.74,2023-11-03,Education Loan
76,42305.5,12.67%,30,7979.97,5711.03,300.0,4591.74,12,48.91,59753.78,2015-04-05,Personal Loan
77,42811.45,10.67%,19,2074.49,270.26,300.0,10989.77,2,43.42,64130.69,2023-10-12,Home Loan
78,75953.07,1.0%,30,4647.08,2456.23,300.0,3666.71,4,32.56,89126.31,2018-10-08,Education Loan
79,8659.42,6.62%,30,12065.25,1965.11,300.0,4887.33,12,42.92,12853.38,2020-11-11,Personal Loan
80,59334.46,4.74%,30,7656.89,3862.82,300.0,5202.09,14,14.76,85336.29,2024-08-17,Personal Loan
81,4312.25,9.11%,30,4295.78,694.2,300.0,10055.84,6,28.08,5189.92,2015-04-01,Home Loan
82,66263.07,9.17%,30,5297.94,4434.46,300.0,8738.14,1,47.1,105594.78,2023-03-05,Auto Loan
83,61978.46,10.5%,30,1655.32,526.7,300.0,8077.11,9,52.8,99111.8,2019-09-24,Agricultural Loan
84,7437.11,6.8%,30,5880.53,995.14,300.0,6057.54,2,21.02,8435.15,2018-05-24,Home Loan
85,82728.83,9.46%,30,3977.78,3712.81,300.0,3609.59,5,50.78,100883.1,2015-05-04,Auto Loan
86,9115.11,6.88%,10,5997.1,1024.76,300.0,7892.49,1,12.61,13916.95,2017-08-26,Home Loan
87,10471.99,6.74%,30,12469.89,6680.09,300.0,2944.73,5,83.65,15589.14,2023-02-13,Personal Loan
88,37542.64,7.47%,5,1454.59,791.69,300.0,3612.97,5,37.86,45749.6,2024-07-19,Home Loan
89,25425.85,7.64%,30,1857.64,3698.75,300.0,6881.36,3,64.52,28183.29,2018-03-26,Agricultural Loan
90,87872.57,3.26%,30,5110.75,2239.79,300.0,400.71,1,0.35,105723.36,2016-01-22,Education Loan
91,19760.95,5.01%,30,3804.93,2600.13,300.0,6336.56,9,18.12,28826.73,2023-09-15,Agricultural Loan
92,126299.98,9.66%,30,4987.07,4524.77,300.0,6902.6,2,12.14,171105.79,2022-06-09,Auto Loan
93,2559.18,8.1%,30,6782.14,8739.19,300.0,602.51,7,11.34,2855.61,2014-11-15,Personal Loan
94,10806.97,7.18%,30,2017.23,4617.16,300.0,9201.17,9,6.4,14364.68,2018-10-17,Agricultural Loan
95,7965.26,12.42%,30,3927.34,3912.72,300.0,11156.8,7,5.66,12359.88,2023-07-18,Agricultural Loan
96,28929.5,6.15%,5,2583.56,4574.34,300.0,10778.05,4,70.84,42293.32,2019-10-18,Agricultural Loan
97,24365.39,13.25%,30,3330.29,5033.4,300.0,9399.76,10,55.84,26923.09,2021-01-21,Agricultural Loan
98,117832.05,15.07%,30,3446.7,4094.09,300.0,2981.83,5,46.85,136784.08,2023-03-09,Auto Loan
99,54630.88,6.58%,30,5947.64,88.53,300.0,8514.71,5,15.73,79343.06,2020-09-04,Home Loan
100,82698.06,11.74%,30,729.74,3190.14,300.0,7190.26,1,7.26,112519.43,2016-10-17,Auto Loan
101,39478.86,4.03%,30,9829.24,6100.07,300.0,4084.22,9,42.58,56271.93,2015-12-02,Personal Loan
102,87014.37,4.85%,30,9256.56,2856.59,300.0,5681.76,2,31.85,107661.94,2022-09-23,Auto Loan
103,135898.85,4.07%,30,13110.69,2313.52,300.0,4246.0,0,11.04,182643.59,2024-03-04,Education Loan
104,108173.7,11.54%,30,7606.14,5484.31,300.0,1777.02,5,24.78,132919.95,2023-12-15,Auto Loan
105,65848.91,1.34%,30,8691.1,5654.16,300.0,1784.75,3,2.51,83842.12,2015-11-02,Education Loan
106,12103.57,8.85%,30,3800.4,4689.83,300.0,3453.5,9,18.3,16540.2,2014-11-10,Personal Loan
107,92531.4,7.72%,30,7756.79,4677.33,300.0,5681.91,3,3.41,146773.51,2022-03-06,Personal Loan
108,25535.36,5.22%,30,6690.46,3515.77,300.0,2760.42,12,24.93,40212.99,2023-02-03,Personal Loan
109,87173.04,2.84%,30,864.3,2688.63,300.0,7859.19,2,33.63,96652.42,2021-02-16,Education Loan
110,47552.71,1.01%,30,8061.93,956.47,300.0,1856.12,7,41.2,60946.74,2020-02-19,Education Loan
111,64166.02,4.69%,15,5571.23,558.38,300.0,9023.33,1,2.35,71807.42,2018-08-06,Home Loan
112,17621.41,7.76%,30,2715.06,533.27,300.0,5753.01,3,46.19,22573.11,2015-09-12,Home Loan
113,14250.11,13.63%,30,6667.1,7369.43,300.0,8577.19,6,22.98,21213.3,2015-03-27,Agricultural Loan
114,92615.77,5.31%,30,13679.94,2701.67,300.0,10794.9,1,3.4,145291.79,2024-05-29,Education Loan
115,120767.33,1.0%,30,9179.52,3626.22,300.0,9960.37,4,2.65,172290.23,2016-09-24,Education Loan
116,65339.74,3.99%,30,8632.83,2733.09,300.0,8867.66,2,3.51,94113.85,2019-07-21,Education Loan
117,32259.94,7.91%,30,794.06,1016.75,300.0,5186.85,12,50.17,40894.01,2016-02-12,Agricultural Loan
118,73318.77,6.73%,23,846.54,2195.6,300.0,9631.87,1,39.29,100623.44,2016-01-12,Agricultural Loan
119,7951.14,1.0%,30,6885.48,640.57,300.0,986.43,1,28.99,10767.43,2014-12-21,Home Loan
120,64324.67,6.4%,30,5002.62,188.25,300.0,2094.99,0,2.42,97853.39,2016-03-29,Auto Loan
121,65985.99,8.0%,30,6324.73,2695.66,300.0,3659.53,8,19.22,104594.52,2020-03-15,Auto Loan
122,26883.47,15.71%,30,3475.7,6141.4,300.0,11201.68,5,15.18,33323.57,2018-07-15,Agricultural Loan
123,22944.99,7.58%,30,2974.16,1883.5,300.0,9647.95,4,6.89,34676.86,2014-11-15,Agricultural Loan
124,69042.19,2.81%,30,10574.0,1430.62,300.0,182.24,1,3.73,96715.24,2019-11-03,Education Loan
125,82600.56,1.0%,30,5138.42,5029.34,300.0,4737.51,1,39.65,113731.64,2024-01-31,Education Loan
126,111943.15,10.47%,30,3479.45,2153.49,300.0,4441.85,3,10.67,151143.49,2019-03-19,Auto Loan
127,20633.35,9.42%,30,7470.95,2976.33,300.0,9102.42,1,57.13,23731.31,2016-07-01,Home Loan
128,172837.77,1.0%,30,8606.35,2331.35,300.0,2093.55,2,29.81,227068.67,2016-04-07,Education Loan
129,65425.49,6.26%,16,330.22,3491.84,300.0,4186.83,4,49.75,92386.79,2023-07-13,Agricultural Loan
130,29230.16,8.48%,30,6826.17,1607.79,300.0,3844.45,11,34.83,35893.97,2017-05-05,Personal Loan
131,37592.52,3.01%,30,6520.59,3893.48,300.0,2159.4,4,44.05,47288.51,2019-01-26,Education Loan
132,100016.95,3.59%,30,8750.23,1553.49,300.0,4119.72,3,11.12,159515.25,2024-04-15,Education Loan
133,25698.52,6.39%,30,6446.15,2040.81,300.0,3064.03,4,1.26,38625.3,2019-01-19,Personal Loan
134,5955.34,6.21%,30,12514.31,6623.06,300.0,2989.32,9,1.09,8952.19,2020-06-02,Personal Loan
135,5461.01,8.85%,30,1403.3,228.81,300.0,8510.14,10,34.65,8106.67,2015-06-12,Agricultural Loan
136,55467.11,2.88%,30,5198.23,4092.27,300.0,8450.79,1,19.01,76450.72,2017-07-16,Home Loan
137,90645.34,9.77%,26,4260.37,1743.23,300.0,5594.47,9,12.96,140295.46,2024-09-18,Home Loan
138,67281.5,8.76%,5,4253.34,3316.15,300.0,9765.95,5,29.8,76172.68,2024-07-08,Agricultural Loan
139,74700.73,8.67%,30,2063.22,4628.81,300.0,4768.31,5,6.76,88530.98,2022-10-25,Auto Loan
140,81581.79,7.51%,30,10601.67,3155.38,300.0,7525.79,11,48.65,110191.47,2020-01-11,Personal Loan
141,14680.36,8.82%,18,8250.77,371.06,300.0,436.58,1,28.22,19092.88,2020-09-12,Home Loan
142,3304.35,6.59%,30,5404.7,1467.3,300.0,10859.93,1,6.04,4515.54,2024-03-03,Home Loan
143,38821.14,7.12%,30,7782.86,4832.7,300.0,5644.58,11,23.39,46259.77,2016-07-05,Personal Loan
144,26738.8,9.87%,30,3908.82,2606.41,300.0,9430.34,7,14.38,36386.49,2022-05-31,Agricultural Loan
145,116786.26,11.14%,30,7369.74,4694.58,300.0,2866.2,4,10.75,165858.5,2024-09-15,Auto Loan
146,111826.74,4.69%,30,1781.45,5941.87,300.0,1993.53,1,17.0,167107.06,2023-08-21,Auto Loan
147,30698.13,7.7%,30,2562.83,1892.05,300.0,8037.18,10,22.69,37441.87,2023-02-28,Agricultural Loan
148,59342.65,8.43%,25,3626.44,3563.83,300.0,4297.98,9,10.5,80089.98,2015-01-14,Agricultural Loan
149,96513.28,3.32%,30,10519.2,4600.34,300.0,9719.84,0,22.55,121969.24,2017-05-07,Education Loan
150,51314.59,3.6%,30,6395.49,1181.98,300.0,6160.4,3,29.34,62915.93,2018-03-12,Education Loan
151,36465.81,8.4%,29,1071.1,4413.73,300.0,8736.08,5,27.24,44767.39,2019-01-20,Agricultural Loan
152,59992.82,6.36%,30,7942.4,4722.41,300.0,258.27,8,48.29,66083.22,2024-02-18,Personal Loan
153,49458.95,5.4%,30,6589.74,4282.86,300.0,4855.97,7,50.02,71160.54,2024-02-26,Personal Loan
154,66530.44,10.96%,30,6745.59,4352.05,300.0,7505.52,3,13.18,83694.5,2023-02-28,Auto Loan
155,38975.83,5.94%,30,9008.14,4696.96,300.0,4345.02,4,8.99,52662.73,2017-11-14,Education Loan
156,129226.84,10.14%,30,2332.77,810.94,300.0,6347.73,3,20.63,159178.65,2017-12-21,Auto Loan
157,18093.35,7.31%,30,8806.53,4868.71,300.0,395.74,13,54.38,23699.94,2021-06-03,Personal Loan
158,38557.17,3.33%,30,1499.28,3907.61,300.0,6330.5,9,5.5,61544.73,2015-07-10,Personal Loan
159,82972.21,1.24%,30,8206.05,1598.56,300.0,907.94,3,31.01,132090.36,2014-12-22,Education Loan
160,87962.5,13.22%,30,4887.05,5664.08,300.0,4283.28,1,47.52,138185.34,2015-09-19,Auto Loan
161,102671.98,8.0%,30,5633.48,1116.31,300.0,4328.96,3,15.42,150157.95,2020-06-14,Education Loan
162,66974.18,2.73%,30,5580.11,1492.01,300.0,1274.28,2,44.04,89952.38,2024-02-04,Education Loan
163,100392.71,8.42%,30,9269.92,2485.2,300.0,2966.08,2,8.18,157709.09,2021-10-23,Auto Loan
164,59672.75,3.53%,30,8054.53,1289.36,300.0,7977.93,2,1.12,76170.53,2014-11-24,Home Loan
165,3962.95,6.62%,25,9187.48,451.47,300.0,6839.16,4,31.14,5651.61,2020-06-12,Home Loan
166,99709.57,13.93%,23,5789.48,5060.34,300.0,1254.49,1,91.74,141480.95,2018-09-03,Auto Loan
167,23913.52,7.69%,30,5571.5,702.37,300.0,6034.39,1,72.89,28617.13,2022-10-03,Home Loan
168,86220.63,9.36%,30,3283.38,2843.11,300.0,6841.25,4,6.33,105353.96,2021-02-20,Auto Loan
169,93604.44,11.63%,30,9466.21,1878.02,300.0,6205.01,1,6.89,120235.59,2016-06-25,Auto Loan
170,79986.77,2.92%,30,8968.71,3279.52,300.0,3960.1,1,7.16,111443.87,2017-08-15,Education Loan
171,33849.78,9.12%,25,2615.11,3608.31,300.0,6995.83,10,4.31,37332.32,2024-06-10,Agricultural Loan
172,37343.45,12.29%,30,5111.23,802.79,300.0,12229.98,0,52.14,56074.88,2022-06-04,Home Loan
173,109441.58,7.03%,30,6400.05,3739.54,300.0,2956.58,5,9.41,158136.53,2019-09-18,Auto Loan
174,67968.15,5.63%,30,9379.59,4513.65,300.0,4838.9,13,44.77,82827.07,2022-08-24,Personal Loan
175,87518.81,4.25%,30,5859.59,3581.91,300.0,9414.73,4,8.8,114366.77,2023-05-10,Education Loan
176,23387.66,10.78%,14,2945.99,705.69,300.0,3114.8,0,4.65,29875.26,2017-10-09,Home Loan
177,103026.41,9.54%,30,2234.95,2183.63,300.0,6550.12,1,6.67,147835.85,2022-11-18,Auto Loan
178,11462.21,1.2%,30,6969.4,3188.86,300.0,2249.01,11,70.03,16925.57,2020-09-21,Personal Loan
179,61574.79,1.73%,30,3626.73,1022.81,300.0,3219.48,3,22.42,88996.11,2016-11-30,Education Loan
180,82655.11,8.93%,30,9362.9,3728.36,300.0,8942.46,4,54.51,124465.11,2023-08-01,Agricultural Loan
181,13323.63,3.68%,30,7120.34,2396.53,300.0,7453.67,5,15.9,17564.66,2017-03-06,Personal Loan
182,17087.21,6.96%,30,711.96,1753.06,300.0,2975.7,0,59.84,22367.3,2019-12-03,Home Loan
183,6959.61,9.31%,30,13996.32,3360.35,300.0,6638.7,6,25.58,9257.39,2021-05-22,Personal Loan
184,90626.76,18.35%,30,6693.81,1799.05,300.0,2654.87,2,48.09,130791.18,2016-10-03,Auto Loan
185,3519.77,5.35%,30,6248.67,3979.37,300.0,6374.22,12,9.83,5381.95,2019-07-30,Personal Loan
186,72538.7,1.0%,30,11915.0,2227.06,300.0,1124.61,2,8.34,104853.27,2021-01-04,Education Loan
187,19278.61,7.14%,30,9275.65,4070.71,300.0,5865.31,10,21.01,22760.73,2015-06-17,Personal Loan
188,4778.12,9.07%,30,2380.81,824.15,300.0,1953.48,4,21.44,6784.9,2014-12-21,Home Loan
189,34018.88,13.14%,30,2349.9,3699.42,300.0,12127.15,3,68.06,45036.44,2018-09-14,Agricultural Loan
190,18840.49,2.89%,30,72.78,4942.24,300.0,3445.27,9,3.09,29216.74,2021-12-15,Agricultural Loan
191,119129.14,2.87%,30,9785.08,3338.13,300.0,146.17,1,17.66,180156.03,2020-02-21,Education Loan
192,80798.69,1.15%,30,8876.18,1245.5,300.0,1421.7,1,40.71,104228.97,2017-06-23,Education Loan
193,65733.03,1.82%,30,6479.78,299.27,300.0,1751.97,3,9.48,89261.68,2017-05-01,Education Loan
194,40542.3,6.32%,30,9000.89,6074.29,300.0,9526.74,2,6.93,58378.03,2021-12-26,Personal Loan
195,47934.26,2.46%,30,6788.56,1177.72,300.0,6986.86,2,12.1,61282.77,2017-07-21,Education Loan
196,3338.57,6.69%,30,5522.67,7823.26,300.0,4876.85,9,24.21,5083.97,2016-06-29,Personal Loan
197,53327.16,1.93%,30,4739.15,4992.28,300.0,1114.02,2,48.21,73699.6,2017-02-10,Auto Loan
198,72282.56,6.29%,24,1569.8,231.79,300.0,7352.15,1,20.23,85976.9,2022-10-11,Home Loan
199,44478.8,14.34%,11,4730.63,1938.94,300.0,4660.93,7,28.88,60754.68,2016-05-12,Agricultural Loan
200,13568.41,4.55%,30,3114.38,407.96,300.0,6669.65,0,24.26,17661.96,2023-06-05,Home Loan
201,1789.09,9.06%,30,3708.2,592.6,300.0,6177.65,4,28.74,2030.26,2024-10-13,Home Loan
202,26499.59,10.45%,30,1875.81,1945.41,300.0,13508.07,6,65.25,40303.64,2016-07-08,Agricultural Loan
203,125698.98,10.66%,30,5460.21,5078.5,300.0,5063.61,0,25.54,165538.86,2015-12-23,Auto Loan
204,143193.0,6.99%,30,5980.21,222.94,300.0,2398.39,5,54.53,171367.7,2016-02-10,Auto Loan
205,13434.62,16.49%,30,4488.64,3317.07,300.0,6081.1,6,28.24,16493.34,2017-12-13,Agricultural Loan
206,112206.52,8.91%,30,8759.78,2070.51,300.0,4600.95,2,90.48,126558.87,2020-07-16,Auto Loan
207,25331.16,13.45%,30,610.68,1155.13,300.0,11950.07,7,6.05,32411.42,2023-01-18,Agricultural Loan
208,18406.48,8.78%,30,5911.97,3472.0,300.0,7801.84,3,16.44,26076.72,2015-12-25,Home Loan
209,94768.16,1.0%,30,6260.94,3266.23,300.0,6338.98,1,26.01,122735.9,2019-11-26,Education Loan
210,69808.46,8.03%,30,2887.32,1867.68,300.0,5727.1,0,62.8,93066.01,2017-09-17,Auto Loan
211,81270.07,1.09%,30,10649.12,5780.24,300.0,8394.35,8,31.66,98446.84,2015-07-07,Personal Loan
212,63461.61,10.47%,5,164.85,1790.19,300.0,4955.41,2,21.56,90938.6,2019-06-10,Home Loan
213,44867.59,6.37%,30,1717.2,1926.85,300.0,5438.54,1,17.19,68510.96,2015-04-22,Home Loan
214,24471.55,9.98%,30,11596.07,5200.83,300.0,4982.94,12,72.14,38580.27,2021-03-09,Personal Loan
215,114103.73,9.17%,30,4498.6,5845.77,300.0,3157.45,5,0.29,146177.76,2024-08-02,Auto Loan
216,114676.39,3.13%,30,1974.16,1351.31,300.0,10026.74,2,1.96,129339.68,2015-12-10,Home Loan
217,12602.02,9.05%,30,9390.7,3830.44,300.0,6350.92,4,77.43,19329.85,2023-06-03,Personal Loan
218,41939.76,12.1%,27,5838.09,794.87,300.0,3928.22,4,44.33,58822.56,2023-01-17,Home Loan
219,111464.99,8.38%,30,5521.75,4072.47,300.0,3679.42,6,0.13,140134.21,2024-03-06,Auto Loan
220,1361.02,6.29%,30,2232.38,2559.53,300.0,11809.94,6,23.21,1845.35,2019-07-15,Agricultural Loan
221,60935.77,4.45%,30,10799.58,6858.1,300.0,3888.74,13,57.66,69110.89,2015-12-26,Personal Loan
222,29680.3,10.48%,30,5581.99,273.5,300.0,4524.33,8,7.22,36879.93,2022-04-15,Home Loan
223,67791.06,5.86%,30,8983.1,4832.88,300.0,4223.27,6,43.15,98955.41,2017-05-01,Personal Loan
224,81017.98,6.55%,30,13055.6,4435.61,300.0,1285.76,8,42.34,90050.01,2022-02-01,Personal Loan
225,29226.57,7.62%,30,9991.01,3838.69,300.0,7715.6,3,33.51,33673.4,2015-12-23,Personal Loan
226,60463.87,7.52%,30,5599.62,3934.43,300.0,2946.23,0,1.4,95495.78,2023-09-21,Auto Loan
227,57683.52,9.4%,30,12517.54,5754.17,300.0,1505.62,2,53.61,83997.12,2016-06-17,Personal Loan
228,6164.95,8.24%,30,2529.29,1285.59,300.0,2241.09,1,19.56,8227.91,2023-08-14,Home Loan
229,126626.57,1.03%,30,8377.52,2737.44,300.0,2260.08,0,18.79,146362.03,2021-03-19,Education Loan
230,31597.31,8.8%,30,11878.13,5735.07,300.0,4156.99,6,19.31,43856.69,2018-02-24,Personal Loan
231,26972.35,11.88%,17,3485.31,4235.2,300.0,9159.42,4,3.61,33825.35,2019-12-12,Agricultural Loan
232,91517.47,7.56%,30,987.34,2138.65,300.0,4249.68,2,25.24,113687.01,2021-07-09,Auto Loan
233,69979.14,1.07%,30,3382.86,1473.81,300.0,6844.84,5,17.86,98146.59,2020-03-05,Education Loan
234,104807.57,13.33%,30,5171.06,5086.84,300.0,6411.02,1,38.07,132566.18,2015-03-05,Auto Loan
235,63831.72,11.21%,30,10191.55,1292.9,300.0,6835.29,4,3.53,89884.44,2021-08-18,Auto Loan
236,21605.76,7.86%,30,4484.34,954.11,300.0,3085.35,1,4.72,24961.93,2022-07-12,Home Loan
237,99787.95,4.94%,30,4241.77,2083.59,300.0,6273.39,3,92.39,126172.89,2016-12-05,Education Loan
238,32252.23,9.33%,30,2439.54,611.96,300.0,3339.06,3,4.52,40510.4,2015-04-12,Home Loan
239,138341.12,10.05%,30,8288.04,5430.27,300.0,4177.46,2,14.88,201916.55,2018-07-08,Auto Loan
240,27084.42,6.68%,30,2079.01,1350.51,300.0,8065.36,4,22.86,35578.6,2020-05-18,Home Loan
241,69311.89,1.0%,30,9363.78,3801.45,300.0,37.3,3,11.32,89487.66,2024-05-06,Education Loan
242,71611.88,9.22%,15,3393.95,4818.95,300.0,11188.09,6,44.63,99958.59,2018-06-20,Agricultural Loan
243,49709.72,2.59%,30,6275.78,98.38,300.0,3422.35,0,34.15,72730.37,2019-08-06,Education Loan
244,90131.21,1.0%,30,9196.16,3098.73,300.0,1445.11,1,5.54,121261.6,2015-09-11,Education Loan
245,20956.75,3.66%,30,4808.37,6684.38,300.0,4031.47,2,39.59,23164.61,2015-09-29,Personal Loan
246,38487.42,11.58%,30,1764.05,3180.04,300.0,11489.9,8,21.97,44469.94,2019-11-03,Agricultural Loan
247,41285.37,1.0%,30,10292.5,2115.69,300.0,2480.72,2,9.95,52815.25,2015-06-08,Education Loan
248,31412.38,9.03%,30,10490.52,5438.49,300.0,4154.49,7,23.71,50225.11,2015-08-23,Personal Loan
249,95947.19,1.01%,30,8517.66,616.43,300.0,763.32,2,16.09,111209.69,2015-10-09,Education Loan
250,76337.44,5.99%,30,5772.78,2283.56,300.0,6117.68,1,0.11,115577.0,2017-05-15,Auto Loan
251,90940.28,9.55%,30,5021.36,3516.55,300.0,8717.87,2,16.71,114835.95,2022-06-11,Auto Loan
252,59946.8,9.55%,30,1420.37,1347.33,300.0,2730.2,1,21.59,80570.76,2016-04-02,Home Loan
253,21022.28,3.12%,30,6735.34,4235.57,300.0,4232.14,5,57.41,24811.33,2024-09-02,Personal Loan
254,31667.42,11.03%,30,5658.29,385.22,300.0,9911.29,5,14.74,37320.97,2016-07-09,Home Loan
255,32583.6,1.0%,30,3690.5,620.88,300.0,9760.81,2,24.22,42430.6,2017-02-01,Education Loan
256,123368.86,6.9%,30,7900.5,2158.67,300.0,5655.31,1,1.38,139936.7,2017-06-07,Auto Loan
257,109316.01,1.0%,30,10680.04,1104.87,300.0,7129.18,5,70.46,121704.46,2016-09-25,Education Loan
258,86832.1,9.92%,11,8424.17,3277.87,300.0,10503.54,0,9.32,128675.23,2024-01-11,Auto Loan
259,13570.01,8.92%,16,1705.81,5396.52,300.0,7738.53,5,4.81,19603.26,2018-08-30,Agricultural Loan
260,128257.52,1.27%,30,6311.9,4064.13,300.0,743.87,0,16.59,158826.51,2023-03-11,Education Loan
261,74456.38,1.79%,30,11342.32,1985.38,300.0,1579.04,9,73.96,95866.14,2017-10-16,Personal Loan
262,4418.0,7.66%,8,9883.33,4076.84,300.0,261.57,12,6.74,6215.34,2016-01-24,Personal Loan
263,87628.63,2.03%,30,8811.88,5943.92,300.0,74.4,2,22.72,106241.17,2015-03-18,Education Loan
264,14937.08,7.77%,30,8785.25,3167.01,300.0,10216.41,5,45.13,21401.67,2020-03-12,Agricultural Loan
265,33846.31,4.32%,30,1739.66,3710.53,300.0,7942.07,5,7.43,51250.01,2021-01-20,Agricultural Loan
266,52585.29,5.66%,30,3583.46,560.68,300.0,5374.72,1,66.26,83825.53,2017-04-23,Home Loan
267,32886.35,4.53%,30,576.7,401.48,300.0,5513.64,7,33.27,43479.07,2020-10-30,Home Loan
268,9354.38,2.04%,30,4484.28,1111.24,300.0,12631.37,0,22.56,14504.84,2015-08-20,Home Loan
269,53233.65,5.71%,30,2438.41,161.05,300.0,9096.44,0,13.73,80192.88,2016-08-06,Home Loan
270,87323.09,4.34%,30,12172.35,1186.0,300.0,2844.66,0,28.11,101147.55,2023-11-26,Education Loan
271,75500.55,1.66%,30,9625.28,3060.65,300.0,6547.9,4,9.69,111626.11,2015-05-09,Education Loan
272,6630.48,9.6%,30,9614.9,2070.86,300.0,2325.42,4,55.82,9077.84,2014-11-21,Home Loan
273,23504.64,11.75%,30,6541.89,3148.05,300.0,7457.59,4,7.85,28746.78,2023-08-27,Auto Loan
274,15891.76,4.4%,7,1262.32,2077.51,300.0,7042.02,2,39.07,24116.31,2019-04-08,Home Loan
275,55006.22,14.32%,30,9123.7,2817.43,300.0,2255.71,1,44.09,68897.37,2023-07-19,Auto Loan
276,43716.11,12.33%,30,8178.01,4427.42,300.0,2659.96,5,5.9,60331.65,2023-11-29,Auto Loan
277,85957.56,13.75%,30,8985.35,1117.01,300.0,1853.96,5,46.96,108633.84,2023-09-22,Auto Loan
278,19414.21,8.19%,30,6030.74,7064.35,300.0,8621.98,11,31.73,22259.76,2023-08-15,Personal Loan
279,43218.83,14.12%,30,6205.73,3292.67,300.0,3330.08,2,47.53,64171.71,2018-01-04,Auto Loan
280,13239.22,4.04%,30,5479.55,706.18,300.0,7258.82,1,28.93,20713.75,2024-02-07,Home Loan
281,58028.48,1.66%,16,815.75,1309.32,300.0,3456.29,2,21.71,78804.03,2023-05-12,Home Loan
282,39988.45,7.83%,30,4857.28,2182.91,300.0,8225.84,4,6.91,44560.88,2022-10-22,Home Loan
283,52299.54,8.07%,19,3548.04,529.04,300.0,5133.83,6,15.15,82883.54,2022-08-14,Home Loan
284,85105.44,2.51%,30,12358.34,1707.18,300.0,6725.1,2,74.03,131351.0,2023-11-09,Education Loan
285,112566.66,9.01%,30,8580.89,759.58,300.0,61.14,4,3.97,144571.69,2020-02-09,Auto Loan
286,27774.58,6.41%,30,3250.12,5362.04,300.0,2514.97,6,54.02,39503.98,2020-01-31,Personal Loan
287,38716.04,7.07%,30,7691.44,167.02,300.0,5325.42,1,36.23,51837.1,2015-09-23,Home Loan
288,48264.86,9.93%,30,11961.39,3513.68,300.0,819.9,8,15.04,71449.9,2015-07-12,Personal Loan
289,22988.82,4.42%,30,16141.61,4926.43,300.0,6414.79,5,62.86,35801.07,2016-06-21,Personal Loan
290,67833.92,6.06%,30,4173.36,694.08,300.0,6556.43,0,4.01,88405.61,2019-02-24,Home Loan
291,12050.98,5.79%,30,8824.35,4680.51,300.0,5455.44,11,15.82,14303.53,2023-06-23,Personal Loan
292,31682.13,10.09%,30,418.36,4652.55,300.0,6092.12,8,4.33,37790.69,2019-10-19,Agricultural Loan
293,117535.23,9.93%,30,6568.18,671.57,300.0,7813.9,3,10.73,145590.41,2022-10-21,Auto Loan
294,1264.04,5.25%,30,2096.58,2740.17,300.0,13683.72,11,1.81,1633.8,2023-02-08,Agricultural Loan
295,23382.15,6.4%,30,917.97,1334.64,300.0,6333.59,0,23.3,28498.99,2024-03-27,Home Loan
296,22700.39,10.86%,30,6204.64,3979.83,300.0,6225.35,8,8.57,27953.94,2017-06-28,Personal Loan
297,84809.74,4.01%,30,10665.68,2750.23,300.0,5800.78,1,55.08,129640.05,2019-08-29,Education Loan
298,3743.53,5.64%,5,5806.2,2941.34,300.0,4184.87,8,55.6,4219.85,2020-09-20,Agricultural Loan
299,37653.7,5.73%,30,10312.27,5273.67,300.0,544.82,6,66.12,45493.63,2024-02-06,Personal Loan
300,101981.66,2.56%,30,9032.52,2641.48,300.0,1523.16,1,42.11,136798.96,2019-10-17,Education Loan
301,70016.4,5.15%,30,14270.45,4395.82,300.0,2364.32,0,14.28,111197.47,2017-04-14,Auto Loan
302,29121.24,11.45%,30,3272.43,1483.3,300.0,5740.69,11,12.51,33467.07,2021-10-24,Agricultural Loan
303,81165.7,5.86%,30,2562.41,4015.76,300.0,5604.03,2,2.86,106285.65,2021-05-06,Home Loan
304,14421.48,8.66%,17,149.7,1494.32,300.0,11836.23,6,45.44,21113.11,2016-07-09,Agricultural Loan
305,139033.16,1.37%,30,7358.89,4150.11,300.0,5308.04,3,47.03,165689.01,2016-06-02,Education Loan
306,30578.87,13.14%,27,424.41,4163.93,300.0,8470.32,12,29.92,34808.24,2024-07-15,Agricultural Loan
307,2382.32,6.25%,30,6040.08,2819.66,300.0,11159.7,4,33.14,3656.03,2015-07-29,Agricultural Loan
308,49388.11,4.68%,30,862.77,2499.4,300.0,400.07,2,26.78,78301.47,2024-05-29,Home Loan
309,19695.15,13.19%,30,2738.33,4924.26,300.0,11785.79,7,36.72,26390.12,2016-06-12,Agricultural Loan
310,146558.59,7.98%,7,3499.92,6279.37,300.0,10148.59,0,35.69,228870.28,2014-12-03,Auto Loan
311,70356.16,8.99%,30,6062.88,2783.71,300.0,11231.61,0,29.07,112521.26,2015-09-04,Auto Loan
312,77862.49,4.52%,30,6402.9,1694.99,300.0,3308.2,4,75.77,96566.43,2023-08-31,Education Loan
313,82048.24,3.33%,30,10323.85,865.13,300.0,6676.59,4,13.81,97981.16,2017-09-23,Education Loan
314,54332.43,11.38%,30,488.88,1994.75,300.0,6372.15,13,12.86,60128.37,2016-11-19,Agricultural Loan
315,27240.01,8.9%,30,2129.01,2340.85,300.0,8602.42,1,47.71,37837.88,2020-09-12,Agricultural Loan
316,25666.59,1.52%,30,7338.13,4093.55,300.0,608.14,5,16.76,37995.66,2021-12-25,Education Loan
317,14912.1,5.33%,30,802.54,615.86,300.0,6952.41,3,25.87,21109.67,2016-03-24,Home Loan
318,98104.66,6.58%,30,4872.08,929.29,300.0,1954.64,5,26.92,111502.42,2016-02-20,Education Loan
319,114058.93,14.56%,30,8053.19,4006.09,300.0,5076.55,0,12.85,130470.96,2022-11-08,Auto Loan
320,81886.74,13.44%,30,6046.96,226.9,300.0,2193.92,3,52.26,97280.92,2015-08-07,Auto Loan
321,124255.48,11.22%,27,3425.13,4685.08,300.0,8315.51,1,15.65,153383.83,2021-05-13,Auto Loan
322,50542.8,5.39%,30,9951.69,4870.81,300.0,4718.82,8,95.44,80436.15,2020-12-30,Personal Loan
323,67553.1,7.75%,30,433.66,3681.74,300.0,3179.77,8,27.95,90347.1,2015-04-29,Agricultural Loan
324,58263.12,8.37%,30,4312.15,1474.35,300.0,10524.83,7,30.28,84747.46,2018-02-03,Agricultural Loan
325,79378.63,4.14%,8,1499.38,1311.96,300.0,7939.55,8,54.07,106325.86,2019-06-10,Home Loan
326,116131.12,8.19%,30,8249.4,4006.92,300.0,1392.95,1,52.39,142612.16,2015-11-09,Auto Loan
327,41964.26,4.61%,30,11767.24,2925.66,300.0,3143.31,2,22.05,50964.73,2017-12-09,Education Loan
328,54675.21,1.14%,30,12030.12,587.53,300.0,7554.37,3,12.56,62585.64,2017-07-28,Education Loan
329,81427.12,11.04%,30,6518.09,3369.93,300.0,3657.48,6,20.5,108945.33,2017-08-04,Auto Loan
330,85244.93,1.0%,30,4211.87,563.36,300.0,2514.49,3,26.48,104093.29,2016-07-23,Education Loan
331,29809.13,7.77%,30,4500.32,3154.35,300.0,6771.58,6,21.66,39792.1,2018-06-18,Personal Loan
332,58077.24,1.4%,30,9011.41,4650.35,300.0,4251.96,4,5.06,80689.75,2015-08-14,Education Loan
333,153250.75,9.19%,25,208.61,1814.71,300.0,124.04,2,2.69,196191.81,2024-04-11,Auto Loan
334,82780.94,10.61%,30,8966.38,2161.43,300.0,9250.92,1,28.74,125407.37,2020-06-22,Auto Loan
335,14358.36,10.7%,30,5134.58,5506.32,300.0,7293.22,9,35.67,16552.16,2022-06-13,Agricultural Loan
336,104494.24,5.89%,30,4379.46,3745.49,300.0,6808.27,1,2.37,141431.41,2024-08-10,Education Loan
337,102353.13,6.78%,30,3589.81,4556.16,300.0,404.56,1,11.22,134342.89,2023-05-23,Auto Loan
338,102051.18,4.42%,30,12335.99,512.7,300.0,1850.15,5,19.3,116749.59,2020-04-26,Education Loan
339,4120.06,5.43%,29,1601.84,317.38,300.0,1158.59,4,40.17,6564.22,2017-06-18,Home Loan
340,55266.99,13.78%,5,694.36,1128.95,300.0,5997.08,4,47.96,86818.46,2021-07-17,Home Loan
341,33271.58,1.03%,30,10801.52,1647.93,300.0,408.6,0,10.33,49244.1,2022-06-16,Education Loan
342,8835.23,1.37%,30,4465.77,116.02,300.0,6307.95,0,30.8,12530.62,2016-11-02,Home Loan
343,15700.69,4.36%,30,8166.91,4982.9,300.0,1797.25,8,28.57,24941.23,2019-09-29,Personal Loan
344,60827.15,3.08%,30,12845.32,4179.08,300.0,6626.37,8,46.26,85298.51,2021-05-09,Personal Loan
345,228.87,6.67%,28,2088.24,1968.84,300.0,1619.94,2,47.34,276.08,2021-10-26,Home Loan
346,26647.11,8.48%,26,5345.01,2579.54,300.0,3418.89,5,43.09,35094.93,2022-12-14,Home Loan
347,76598.83,5.69%,30,3443.6,22.45,300.0,10199.94,4,23.88,89765.32,2022-09-13,Home Loan
348,5205.54,12.53%,30,1917.33,2840.28,300.0,10424.18,9,57.37,6569.79,2021-03-08,Agricultural Loan
349,1941.01,1.0%,30,3245.97,3983.48,300.0,12722.37,11,6.19,2334.71,2024-01-17,Agricultural Loan
350,55935.34,1.0%,30,6878.7,1095.88,300.0,2059.84,2,58.13,87188.82,2016-02-14,Education Loan
351,8073.8,12.58%,30,1455.85,989.67,300.0,7930.42,5,18.3,11249.44,2021-01-17,Agricultural Loan
352,76640.6,2.82%,30,6972.49,4248.78,300.0,1436.35,2,12.57,92500.33,2024-09-21,Education Loan
353,39805.37,6.71%,30,13025.12,6243.58,300.0,3872.14,11,59.04,52761.77,2014-10-26,Personal Loan
354,79023.69,7.7%,21,5181.04,22.71,300.0,4650.32,1,19.36,121630.85,2024-04-07,Home Loan
355,147657.3,7.37%,30,8696.71,3878.36,300.0,1564.98,0,31.54,233679.38,2015-12-13,Auto Loan
356,74213.52,1.0%,30,9529.5,1595.51,300.0,4186.61,1,17.02,118600.96,2015-09-02,Education Loan
357,20830.55,12.67%,30,6445.35,3216.81,300.0,10678.54,6,8.58,25035.63,2023-06-01,Agricultural Loan
358,7702.98,9.99%,30,913.67,2932.09,300.0,8332.94,11,9.97,11776.53,2022-09-04,Agricultural Loan
359,3498.98,8.63%,30,9553.38,4415.48,300.0,2623.84,3,86.02,4743.05,2018-09-21,Personal Loan
360,133395.33,11.21%,30,7109.49,3886.81,300.0,5225.31,0,49.38,147957.89,2015-08-05,Auto Loan
361,50131.52,2.93%,21,7909.43,4820.68,300.0,3901.79,3,3.5,74935.41,2019-01-16,Personal Loan
362,99292.87,1.98%,30,11757.83,879.26,300.0,4784.37,3,28.75,112508.31,2022-02-06,Education Loan
363,55009.41,5.89%,30,7951.26,4948.94,300.0,5643.1,8,35.09,82046.95,2024-08-19,Personal Loan
364,81662.52,1.0%,30,11024.2,982.44,300.0,5653.44,2,29.45,102263.36,2021-10-31,Education Loan
365,15869.78,11.46%,30,223.94,3690.5,300.0,9584.4,12,34.95,20281.21,2015-05-27,Agricultural Loan
366,104249.6,11.93%,30,9968.79,3260.36,300.0,174.48,0,14.93,141233.95,2024-01-12,Auto Loan
367,69582.61,5.84%,30,5427.4,1544.82,300.0,5767.8,3,39.37,84355.89,2015-04-01,Home Loan
368,117323.52,10.96%,30,5249.04,4674.47,300.0,10446.35,1,29.25,182821.54,2014-12-01,Auto Loan
369,7768.21,5.16%,30,12042.59,3072.34,300.0,6636.79,6,18.34,9345.59,2021-11-18,Personal Loan
370,73854.81,1.0%,30,7583.41,2890.48,300.0,1440.99,9,34.52,89234.88,2022-10-30,Personal Loan
371,4478.24,8.11%,17,4426.13,1563.34,300.0,9537.41,6,1.49,7072.32,2017-04-02,Home Loan
372,9244.49,5.93%,30,4356.78,933.53,300.0,6830.93,6,41.48,12362.77,2022-12-18,Home Loan
373,81140.22,11.11%,30,6049.75,2527.79,300.0,1868.95,1,20.29,120501.69,2020-11-13,Auto Loan
374,15035.36,10.12%,30,7110.9,1895.92,300.0,5420.62,10,16.12,22584.81,2024-04-21,Personal Loan
375,89999.16,6.69%,20,4979.29,1525.93,300.0,3922.37,1,46.38,116733.3,2016-10-13,Auto Loan
376,53696.86,9.15%,30,11090.72,7434.38,300.0,7200.56,9,79.91,72517.89,2016-06-21,Personal Loan
377,35920.96,12.49%,14,3820.98,2550.16,300.0,7859.93,4,47.94,55931.72,2016-10-24,Agricultural Loan
378,22636.22,7.53%,30,1835.49,1911.8,300.0,796.18,11,29.53,34175.9,2023-10-06,Personal Loan
379,85726.51,6.58%,30,8830.48,1530.52,300.0,2319.14,2,39.22,110520.25,2018-08-03,Auto Loan
380,127387.32,11.67%,30,3667.61,2756.12,300.0,6455.71,4,9.77,176874.28,2016-09-29,Auto Loan
381,31796.76,2.86%,30,7022.04,4192.88,300.0,3493.49,14,38.44,37277.96,2021-12-22,Personal Loan
382,39756.99,2.55%,30,13058.22,4371.78,300.0,10563.43,1,81.71,52817.46,2015-05-12,Personal Loan
383,24755.86,3.14%,30,1159.31,2783.85,300.0,1701.26,1,62.08,37046.88,2024-01-30,Home Loan
384,84508.51,13.09%,30,12924.13,3800.08,300.0,2302.27,2,22.01,113941.07,2020-08-24,Auto Loan
385,32813.27,4.01%,30,3914.76,4164.59,300.0,12515.62,3,26.96,44230.13,2020-06-28,Agricultural Loan
386,15826.99,14.12%,30,9778.22,2591.55,300.0,6578.3,8,58.92,22991.16,2024-03-21,Agricultural Loan
387,20547.55,6.49%,30,5473.18,3011.01,300.0,1291.27,7,61.57,28041.05,2020-08-07,Personal Loan
388,42155.13,7.92%,30,7048.16,5704.75,300.0,4260.69,8,20.67,62167.25,2017-11-13,Personal Loan
389,26437.48,5.02%,22,1896.45,1354.0,300.0,4492.78,2,18.7,33702.68,2016-10-12,Home Loan
390,14753.85,10.68%,30,8468.18,4405.09,300.0,8667.29,8,66.08,19351.42,2015-11-29,Agricultural Loan
391,3441.81,5.63%,30,3441.29,5273.01,300.0,9559.3,6,41.55,4904.94,2024-02-24,Agricultural Loan
392,146999.25,6.62%,30,6575.2,3546.83,300.0,1797.25,5,52.95,218888.4,2023-04-27,Auto Loan
393,71319.77,14.01%,30,8505.73,1655.26,300.0,2260.73,2,1.89,104870.21,2018-01-05,Auto Loan
394,30245.05,7.68%,30,1514.24,4323.65,300.0,5801.93,8,14.17,44702.69,2015-04-19,Personal Loan
395,80800.76,1.92%,30,865.72,4054.42,300.0,4508.97,7,68.56,90964.44,2017-03-23,Auto Loan
396,57185.76,4.59%,30,13070.69,5650.12,300.0,7025.39,6,48.74,74027.93,2015-01-06,Personal Loan
397,95508.12,18.0%,16,2577.03,3440.95,300.0,2591.23,2,6.74,146582.61,2018-09-01,Auto Loan
398,102970.0,2.01%,30,9997.75,139.22,300.0,1257.03,2,21.04,152514.1,2019-11-12,Education Loan
399,3056.54,7.47%,30,586.34,4091.56,300.0,8171.93,6,57.9,4051.96,2015-06-30,Agricultural Loan
400,77576.62,9.87%,30,5080.57,2109.84,300.0,437.93,1,0.85,106347.76,2015-10-15,Auto Loan
401,54620.57,7.74%,30,10426.08,6281.69,300.0,652.13,14,59.64,60465.82,2016-04-21,Personal Loan
402,117089.88,11.96%,30,2541.39,4276.15,300.0,7794.58,2,0.09,168786.16,2019-12-16,Auto Loan
403,50283.63,7.22%,17,395.9,4578.51,300.0,7813.06,13,48.74,70243.69,2016-06-20,Agricultural Loan
404,72970.61,1.0%,16,4195.73,5397.12,300.0,4895.05,1,26.86,88145.46,2023-08-22,Education Loan
405,12447.33,8.74%,30,360.51,3133.27,300.0,2527.0,1,12.29,13701.36,2021-01-25,Home Loan
406,30560.9,13.43%,30,2624.69,752.6,300.0,7517.23,0,4.5,36802.42,2015-06-01,Home Loan
407,90327.84,10.67%,30,1916.62,4610.22,300.0,6233.13,3,13.4,118571.31,2024-05-10,Auto Loan
408,73046.25,2.2%,5,3265.62,987.16,300.0,101.1,2,3.72,105649.55,2015-05-12,Home Loan
409,67313.35,1.0%,5,6271.73,8892.65,300.0,5685.12,7,19.38,101002.58,2017-05-06,Personal Loan
410,17954.27,2.66%,30,6962.55,2775.08,300.0,8114.83,2,36.17,27778.21,2015-09-02,Personal Loan
411,30400.39,6.62%,5,219.62,3489.5,300.0,10391.16,8,19.73,33583.53,2015-11-30,Agricultural Loan
412,15277.11,7.57%,30,211.1,162.84,300.0,11720.55,5,18.35,23483.69,2018-12-06,Home Loan
413,70142.68,6.91%,6,5318.03,1991.99,300.0,5288.7,0,24.73,99597.98,2015-10-31,Auto Loan
414,18761.45,8.72%,30,3170.58,3496.27,300.0,8495.64,8,9.31,24630.03,2024-05-28,Agricultural Loan
415,27081.01,2.41%,30,8740.98,2033.91,300.0,10374.52,0,16.75,40316.08,2015-08-23,Education Loan
416,55488.59,7.98%,30,3893.42,1241.44,300.0,10498.3,4,1.48,74810.12,2021-05-27,Home Loan
417,8001.37,8.86%,30,3138.13,2979.43,300.0,6692.38,4,47.51,11122.97,2018-12-29,Personal Loan
418,34778.48,8.84%,30,9304.96,5235.28,300.0,1123.45,13,19.5,54803.7,2019-05-10,Personal Loan
419,8120.44,8.65%,19,4515.43,4242.81,300.0,7842.39,8,41.51,10782.92,2018-07-18,Agricultural Loan
420,50433.65,7.51%,30,14836.46,4564.67,300.0,2657.32,5,36.16,65798.86,2022-12-23,Personal Loan
421,8761.49,2.03%,30,357.37,95.08,300.0,8008.09,2,51.37,11768.3,2017-06-03,Home Loan
422,70623.59,8.29%,21,6877.68,4739.57,300.0,7627.44,1,26.25,91485.75,2023-05-17,Auto Loan
423,84470.97,11.26%,14,2690.91,328.69,300.0,16429.19,6,53.25,118466.05,2017-02-03,Agricultural Loan
424,38503.62,6.29%,30,1116.38,855.99,300.0,2548.58,3,32.52,61407.13,2017-04-09,Home Loan
425,31599.08,4.32%,30,8994.33,687.97,300.0,2542.71,2,52.43,47367.72,2023-11-09,Education Loan
426,63501.11,11.63%,30,1675.64,669.86,300.0,13414.9,5,18.86,77152.35,2022-11-26,Agricultural Loan
427,89059.6,1.31%,30,3342.16,4580.48,300.0,6158.09,4,16.1,139962.88,2015-11-18,Education Loan
428,104907.88,9.7%,30,11181.14,1540.64,300.0,2529.75,13,22.61,161895.04,2018-09-22,Personal Loan
429,50606.03,6.63%,17,402.56,1420.15,300.0,6148.64,4,9.73,57784.82,2021-09-18,Home Loan
430,13465.11,6.35%,30,1012.6,490.19,300.0,4744.43,1,44.92,17699.2,2023-12-03,Home Loan
431,11051.86,9.1%,30,4316.75,760.53,300.0,6970.0,4,52.68,17471.35,2024-05-09,Home Loan
432,91836.54,1.0%,30,11390.4,1003.75,300.0,7527.85,3,17.52,128308.82,2021-10-24,Education Loan
433,31592.69,9.68%,30,913.68,1334.24,300.0,7583.42,0,1.69,40790.32,2024-03-21,Home Loan
434,60276.29,1.0%,30,7827.73,2464.05,300.0,3271.09,4,6.23,90706.31,2019-08-04,Education Loan
435,20263.97,14.78%,30,507.67,1779.92,300.0,6534.92,8,68.62,25358.95,2020-04-24,Home Loan
436,45064.52,11.92%,30,8276.54,5717.51,300.0,916.02,4,77.24,61933.83,2019-05-30,Personal Loan
437,5810.29,13.0%,30,4100.18,3574.42,300.0,10867.5,13,19.02,7485.85,2023-12-19,Agricultural Loan
438,5934.2,4.03%,30,1659.88,4417.57,300.0,11419.57,6,50.41,7713.15,2015-02-07,Agricultural Loan
439,50044.44,8.29%,30,6125.64,51.45,300.0,7333.55,8,11.91,64768.4,2018-09-03,Personal Loan
440,29854.11,6.01%,30,3498.13,915.94,300.0,2791.98,4,40.48,37816.76,2022-10-06,Home Loan
441,15538.99,5.06%,30,7233.62,237.14,300.0,10719.98,4,19.61,18226.66,2019-10-25,Home Loan
442,21085.75,8.56%,30,4843.28,4618.8,300.0,14346.94,9,12.88,23647.86,2021-10-13,Agricultural Loan
443,81347.15,9.36%,30,3987.19,3120.02,300.0,9795.49,5,52.5,104995.18,2020-07-21,Agricultural Loan
444,98206.4,5.81%,30,331.63,5705.74,300.0,4754.59,2,1.57,141193.63,2022-04-23,Auto Loan
445,41384.84,3.64%,30,8144.49,2912.43,300.0,1128.74,2,3.88,58594.64,2019-09-05,Education Loan
446,94735.96,5.05%,30,5903.83,749.44,300.0,477.38,3,5.19,109245.59,2020-07-17,Auto Loan
447,59258.46,6.77%,30,10996.13,2529.6,300.0,6301.83,2,24.77,88685.41,2015-03-28,Auto Loan
448,62954.93,2.44%,30,2881.16,919.45,300.0,1275.29,2,15.95,79712.93,2019-04-10,Education Loan
449,1741.14,7.36%,22,1963.05,3695.09,300.0,6749.17,10,22.88,2412.59,2016-03-26,Agricultural Loan
450,79843.61,2.54%,30,8120.32,5064.4,300.0,1471.8,3,13.25,112334.37,2023-07-09,Education Loan
451,106480.68,1.0%,30,11327.27,2342.24,300.0,6268.9,0,29.99,129091.47,2024-01-28,Education Loan
452,32873.74,4.14%,30,8604.37,745.83,300.0,4735.01,4,38.6,50078.63,2016-12-06,Education Loan
453,4941.13,9.88%,18,14580.1,2913.22,300.0,5106.12,8,34.95,7016.27,2023-05-26,Personal Loan
454,94493.81,2.3%,30,6791.18,785.45,300.0,1882.74,5,17.25,119421.79,2018-05-20,Education Loan
455,21248.84,6.97%,30,15.3,4109.09,300.0,10195.25,0,27.29,32102.78,2020-11-10,Agricultural Loan
456,119892.07,3.08%,30,7020.7,4098.02,300.0,3613.84,3,16.59,146562.53,2019-04-15,Education Loan
457,50889.66,2.74%,30,6562.51,5377.43,300.0,4678.81,1,27.9,58122.94,2021-01-26,Education Loan
458,18074.8,6.15%,30,9608.81,6951.82,300.0,392.29,4,12.36,22165.48,2021-06-19,Personal Loan
459,68046.33,3.94%,30,8059.67,4874.46,300.0,1169.32,8,44.25,102977.5,2014-11-27,Personal Loan
460,64167.56,3.93%,30,6239.41,1086.79,300.0,7010.02,1,24.83,84133.77,2016-01-18,Education Loan
461,54710.28,13.41%,30,18330.75,4638.26,300.0,4079.92,8,41.67,72960.25,2015-05-31,Personal Loan
462,95764.16,1.0%,30,9407.68,517.39,300.0,6045.18,2,13.24,127617.58,2019-04-22,Education Loan
463,25092.92,1.08%,30,7814.73,4089.99,300.0,7819.65,0,20.79,30777.32,2023-05-02,Education Loan
464,32066.14,3.36%,5,1040.1,829.4,300.0,7390.03,3,23.35,47840.47,2022-04-18,Home Loan
465,7521.61,8.7%,7,1783.03,1462.18,300.0,9477.87,4,28.06,11720.11,2022-10-25,Home Loan
466,51070.96,11.35%,30,10331.39,4546.66,300.0,859.91,9,7.71,58153.29,2017-10-29,Personal Loan
467,24912.65,6.03%,30,12034.48,3765.0,300.0,7028.32,6,80.31,30291.22,2022-02-16,Personal Loan
468,2648.86,14.44%,30,4959.3,4859.11,300.0,7943.73,9,52.01,3401.11,2018-10-28,Personal Loan
469,15431.55,8.94%,5,4771.25,1994.9,300.0,8394.93,3,24.83,24420.65,2019-06-13,Home Loan
470,1820.73,6.98%,21,3097.71,1310.26,300.0,12541.16,1,1.63,2587.26,2022-03-23,Home Loan
471,22755.44,5.77%,30,8181.84,1088.46,300.0,6898.65,0,48.07,25351.46,2016-11-19,Home Loan
472,73279.78,6.22%,30,9277.19,3655.32,300.0,3291.36,10,12.84,108419.65,2022-06-28,Personal Loan
473,9664.36,1.53%,30,11158.09,3714.1,300.0,4678.88,7,8.85,13008.85,2019-12-25,Personal Loan
474,30721.04,8.74%,30,4427.49,1157.44,300.0,1040.7,2,5.98,49127.31,2021-08-17,Home Loan
475,28225.45,8.51%,30,5458.8,4830.84,300.0,5912.73,9,25.91,41441.41,2016-09-02,Agricultural Loan
476,30280.36,14.15%,5,2867.51,1233.06,300.0,10845.55,10,2.05,38359.65,2022-11-17,Agricultural Loan
477,66827.89,1.0%,30,8530.94,1109.0,300.0,6699.59,1,50.03,98105.04,2015-04-17,Education Loan
478,7.68,9.19%,19,4516.38,1723.82,300.0,2650.63,0,13.11,10.0,2024-05-31,Home Loan
479,3138.14,5.23%,11,874.03,1988.88,300.0,9657.21,4,0.33,4661.46,2020-06-21,Home Loan
480,64155.01,1.0%,30,8963.2,1606.99,300.0,535.12,5,11.2,76518.21,2015-10-29,Education Loan
481,22826.07,10.13%,22,2614.62,3919.77,300.0,6079.22,4,14.38,26709.33,2019-09-23,Home Loan
482,126764.25,5.34%,21,2415.15,4125.65,300.0,5522.56,5,47.11,202692.83,2018-02-01,Auto Loan
483,137589.76,9.87%,30,10183.99,4290.81,300.0,1065.11,1,59.59,151938.12,2015-05-29,Auto Loan
484,28096.6,8.4%,20,507.47,3779.53,300.0,6097.57,5,65.0,42702.4,2015-10-29,Agricultural Loan
485,147324.71,3.16%,30,7437.44,2100.89,300.0,1777.82,4,3.32,200255.91,2019-09-13,Education Loan
486,46790.0,6.82%,30,1494.31,516.69,300.0,10184.73,0,30.02,62465.82,2023-02-05,Home Loan
487,57785.89,6.66%,30,11701.78,3595.16,300.0,2926.74,11,86.43,89229.46,2015-09-14,Personal Loan
488,112331.16,11.9%,30,5091.59,1354.81,300.0,6068.91,0,21.78,124006.24,2015-02-22,Auto Loan
489,133963.02,14.51%,30,857.65,4281.3,300.0,1589.69,2,6.59,192631.05,2023-10-24,Auto Loan
490,65828.36,7.91%,30,8032.33,5838.35,300.0,9408.59,3,75.88,89399.55,2018-01-11,Auto Loan
491,85166.52,11.75%,7,246.54,1607.94,300.0,7379.42,1,63.76,117227.5,2018-12-01,Home Loan
492,10039.83,4.15%,30,3575.22,206.99,300.0,6392.16,2,47.35,14996.92,2017-01-25,Home Loan
493,91151.49,5.06%,30,7927.39,5735.93,300.0,1256.33,3,13.18,129390.73,2021-06-25,Education Loan
494,63714.93,1.0%,30,7148.69,3668.27,300.0,989.93,1,29.63,96506.75,2019-08-11,Education Loan
495,36730.46,14.28%,30,4887.88,2471.75,300.0,11733.1,9,51.98,41240.24,2016-06-30,Agricultural Loan
496,140285.71,1.21%,30,7025.62,194.78,300.0,2749.5,0,7.29,197316.2,2015-09-07,Education Loan
497,63927.94,13.76%,30,8263.98,3392.31,300.0,5488.86,5,0.89,85809.31,2016-10-30,Auto Loan
498,64999.38,12.02%,30,3292.74,3278.78,300.0,3695.56,0,22.14,77823.23,2015-01-20,Auto Loan
499,57430.22,1.32%,30,4966.84,2238.81,300.0,2801.02,1,20.73,85073.01,2022-03-16,Education Loan
500,19004.29,4.47%,30,7360.8,4359.0,300.0,7980.73,8,39.98,22659.55,2018-06-21,Agricultural Loan
501,41889.53,1.93%,30,12741.67,1781.8,300.0,1944.95,5,48.49,52495.26,2017-11-04,Education Loan
502,10588.03,2.95%,30,2008.09,1412.83,300.0,4220.05,1,14.52,16758.59,2023-11-01,Home Loan
503,35703.33,8.7%,30,10377.0,5437.35,300.0,916.55,5,2.95,43768.63,2021-11-18,Personal Loan
504,2595.22,1.68%,30,11183.52,3817.57,300.0,816.98,9,24.7,3221.94,2021-06-04,Personal Loan
505,190692.02,3.61%,30,5781.96,3009.87,300.0,1928.97,4,22.99,264196.4,2022-03-06,Education Loan
506,19622.15,7.93%,30,7791.86,7045.77,300.0,6582.36,8,17.33,23887.39,2018-07-29,Personal Loan
507,35165.52,14.02%,30,2536.26,3808.43,300.0,16928.99,7,13.29,52145.38,2018-06-06,Agricultural Loan
508,31335.64,7.54%,29,4521.98,2904.29,300.0,6139.53,8,44.61,46688.94,2022-08-31,Agricultural Loan
509,36989.74,3.99%,30,1626.98,627.06,300.0,6352.2,1,34.71,51207.58,2017-02-16,Home Loan
510,12422.41,2.55%,30,13392.47,4623.54,300.0,517.61,9,43.4,16844.04,2016-09-19,Personal Loan
511,25842.78,11.47%,30,3646.6,3424.28,300.0,12033.67,6,1.94,35039.89,2021-11-13,Agricultural Loan
512,31795.96,7.97%,30,1063.63,2239.9,300.0,11999.38,4,48.73,43066.76,2017-04-05,Agricultural Loan
513,19889.13,6.48%,13,1092.07,725.61,300.0,4476.05,4,22.27,28123.67,2024-09-08,Home Loan
514,64769.68,1.0%,30,7506.83,3057.84,300.0,8182.84,3,7.9,83155.52,2017-05-28,Education Loan
515,72433.99,1.0%,30,11173.49,3734.35,300.0,272.54,3,10.37,85398.52,2019-04-07,Education Loan
516,31772.15,1.0%,30,5515.22,5939.12,300.0,33.62,8,10.81,46070.6,2015-03-27,Personal Loan
517,84877.65,1.0%,30,9146.97,2619.7,300.0,5707.54,3,21.74,109582.84,2018-02-24,Education Loan
518,64085.01,11.25%,30,9851.08,1363.83,300.0,5022.99,1,66.9,101385.75,2024-01-09,Auto Loan
519,83782.56,1.66%,30,13684.09,4707.62,300.0,6491.29,2,39.17,99720.15,2019-12-09,Education Loan
520,75508.82,8.49%,30,3557.61,2679.16,300.0,2507.35,4,9.09,83337.27,2024-01-13,Auto Loan
521,14031.78,7.83%,30,5808.53,3153.16,300.0,12917.9,10,39.59,20374.69,2016-10-20,Agricultural Loan
522,24421.73,12.45%,30,5814.24,2127.24,300.0,7206.22,2,15.33,28517.33,2017-02-03,Home Loan
523,32521.3,10.19%,30,7069.78,3092.88,300.0,7158.15,1,17.95,46348.77,2022-04-07,Home Loan
524,6981.22,6.73%,30,11027.68,5542.44,300.0,3716.78,9,7.48,7823.64,2019-11-28,Personal Loan
525,52184.05,3.09%,30,1246.67,509.38,300.0,8321.84,5,25.31,59777.14,2023-05-21,Home Loan
526,61050.31,1.0%,17,7502.73,2758.38,300.0,3394.06,2,45.45,84932.83,2019-11-18,Education Loan
527,28654.68,10.16%,30,320.75,721.69,300.0,2941.98,3,4.69,33830.07,2018-12-10,Home Loan
528,47167.0,1.93%,30,5801.73,5520.73,300.0,4013.87,4,20.11,63805.57,2018-02-11,Education Loan
529,9657.79,8.57%,30,3663.03,659.94,300.0,2861.08,2,3.54,12963.5,2021-02-14,Home Loan
530,74918.25,10.66%,30,7331.32,6411.76,300.0,5351.67,2,7.19,117663.94,2017-11-18,Auto Loan
531,58759.96,8.03%,30,5579.15,1909.1,300.0,5735.26,1,22.39,87037.03,2019-04-23,Auto Loan
532,78813.71,4.72%,30,9093.38,348.8,300.0,2340.82,6,5.41,115552.15,2017-04-20,Education Loan
533,12290.58,2.79%,30,858.85,5551.08,300.0,12170.06,13,48.29,19217.96,2023-03-13,Agricultural Loan
534,43786.19,7.35%,27,5540.22,1309.06,300.0,11335.39,9,3.66,65899.35,2015-12-30,Agricultural Loan
535,78032.22,7.73%,30,8533.31,3228.91,300.0,2195.77,5,24.4,110738.31,2019-03-05,Auto Loan
536,50911.88,1.0%,30,5318.0,3298.43,300.0,3920.31,2,5.89,77676.72,2019-01-10,Education Loan
537,68469.95,4.76%,30,4031.0,1082.36,300.0,8012.63,0,1.47,94610.74,2018-05-04,Auto Loan
538,49953.26,7.51%,30,12801.03,4513.31,300.0,10644.48,7,94.4,71813.34,2019-07-24,Personal Loan
539,78274.72,9.24%,30,6365.53,5743.21,300.0,4383.34,11,39.62,95055.53,2019-09-21,Personal Loan
540,78282.95,12.8%,19,11.87,4333.31,300.0,15245.35,17,51.9,108651.16,2017-05-22,Agricultural Loan
541,45962.77,8.89%,30,1404.81,701.46,300.0,7829.23,5,61.92,51788.25,2023-10-07,Home Loan
542,42301.84,7.37%,30,342.9,4509.08,300.0,9603.26,12,59.31,51061.71,2020-06-27,Agricultural Loan
543,477.51,10.54%,30,5481.06,1366.58,300.0,9339.68,8,56.42,526.69,2019-05-28,Agricultural Loan
544,69647.59,7.45%,30,8879.35,3912.55,300.0,6225.14,3,27.29,107903.86,2015-08-14,Auto Loan
545,13578.3,8.91%,30,8983.06,3067.5,300.0,5456.07,2,46.37,20971.93,2018-03-08,Personal Loan
546,151268.74,6.61%,22,7703.29,3306.91,300.0,6680.73,3,7.39,192693.37,2021-03-14,Auto Loan
547,37258.38,7.88%,30,1308.23,237.87,300.0,880.77,5,35.89,49747.55,2016-02-05,Auto Loan
548,64718.86,1.63%,30,10862.04,4252.72,300.0,3210.89,8,16.55,79831.51,2024-02-01,Education Loan
549,28948.1,3.37%,30,2251.7,3200.03,300.0,5041.2,5,49.31,43168.06,2020-02-03,Agricultural Loan
550,15764.75,13.44%,30,1493.35,3468.34,300.0,8893.87,6,29.9,21931.25,2022-08-06,Agricultural Loan
551,29245.66,5.34%,30,578.39,4310.6,300.0,3828.61,9,15.65,38842.52,2021-07-29,Agricultural Loan
552,77175.01,1.86%,30,7788.6,646.7,300.0,2156.61,5,15.81,105802.41,2017-12-13,Education Loan
553,15729.38,5.2%,21,1520.16,1930.94,300.0,9555.69,0,49.37,18510.65,2021-07-30,Home Loan
554,54833.75,2.55%,27,1996.1,976.79,300.0,10902.78,14,49.68,76630.91,2019-06-09,Agricultural Loan
555,99386.08,7.49%,30,6716.95,432.91,300.0,2468.95,2,1.8,157765.08,2019-12-21,Auto Loan
556,34233.21,10.08%,30,4048.68,845.75,300.0,8422.04,4,46.61,48669.01,2017-10-18,Home Loan
557,81674.14,6.62%,30,8509.28,3807.8,300.0,987.7,3,50.98,100614.07,2022-08-04,Auto Loan
558,19520.36,2.36%,30,2181.19,2637.9,300.0,3142.2,1,38.75,27822.87,2021-01-12,Education Loan
559,82970.22,11.47%,30,9075.63,6362.39,300.0,2976.31,11,2.14,94209.41,2015-09-18,Personal Loan
560,30567.8,8.23%,30,9082.13,3453.02,300.0,638.01,10,38.16,44112.87,2019-08-20,Personal Loan
561,21930.71,5.01%,28,2932.52,5829.3,300.0,8897.24,9,26.94,26184.47,2015-02-24,Agricultural Loan
562,137068.88,10.45%,7,5612.41,335.1,300.0,6418.12,3,59.9,180336.55,2023-10-20,Auto Loan
563,56499.31,10.62%,30,4130.03,1945.74,300.0,13103.76,12,10.54,87855.38,2024-04-21,Agricultural Loan
564,34244.54,6.42%,5,9951.94,4019.69,300.0,2714.62,4,71.75,46264.24,2016-05-14,Home Loan
565,26468.5,7.13%,30,243.98,357.04,300.0,6375.93,2,5.11,29660.08,2016-05-30,Home Loan
566,86871.86,1.78%,30,49.49,1804.65,300.0,8596.57,3,23.12,103204.72,2020-08-07,Education Loan
567,33780.92,4.59%,30,7612.11,2635.44,300.0,2254.67,10,27.82,52727.99,2017-09-21,Personal Loan
568,115462.58,2.32%,30,8209.09,997.79,300.0,4823.14,7,6.52,155229.21,2020-03-18,Education Loan
569,37817.09,4.75%,30,4270.94,820.2,300.0,8708.54,3,50.88,56116.85,2024-05-07,Home Loan
570,9511.58,13.61%,30,3178.3,2404.6,300.0,8166.05,7,23.15,12167.42,2017-01-27,Agricultural Loan
571,9406.91,7.29%,30,8399.98,848.5,300.0,8724.32,8,38.63,13834.21,2016-03-08,Agricultural Loan
572,37492.47,9.01%,30,13604.54,6147.85,300.0,5407.34,6,29.83,43840.93,2023-03-09,Personal Loan
573,87076.88,1.91%,30,11017.2,1352.44,300.0,5403.66,4,51.95,125326.54,2021-03-21,Education Loan
574,51777.41,6.57%,30,2996.63,3024.78,300.0,8799.32,12,12.28,71762.31,2020-12-15,Agricultural Loan
575,2422.26,8.28%,30,6425.06,8318.15,300.0,3631.56,7,112.74,2831.82,2024-04-03,Personal Loan
576,40610.63,13.24%,30,884.65,4108.07,300.0,4099.61,6,7.62,48600.76,2022-01-19,Agricultural Loan
577,114078.2,10.77%,30,7837.02,4913.29,300.0,5084.93,1,16.51,138690.07,2023-05-08,Auto Loan
578,106156.51,2.54%,30,7124.83,836.08,300.0,691.46,4,20.62,141950.28,2023-10-26,Education Loan
579,7285.27,1.0%,30,2557.38,3467.88,300.0,5465.99,10,2.96,11234.9,2024-02-28,Agricultural Loan
580,51024.54,6.21%,30,5063.94,3315.93,300.0,3871.05,12,28.88,67354.61,2016-03-22,Personal Loan
581,83437.14,10.79%,30,4078.8,6976.09,300.0,3191.19,3,2.02,96300.56,2018-02-20,Auto Loan
582,4141.19,7.62%,13,2049.95,22.21,300.0,8648.79,6,3.57,5925.51,2023-05-09,Home Loan
583,111622.97,10.88%,30,9074.69,3730.01,300.0,8102.52,2,35.33,126052.85,2016-11-24,Auto Loan
584,6823.0,3.23%,17,2198.84,2347.18,300.0,2818.55,1,59.02,7762.32,2019-03-19,Home Loan
585,67590.81,4.8%,30,9329.08,5010.66,300.0,5060.89,9,85.02,90248.41,2022-03-10,Personal Loan
586,83625.32,3.87%,30,5112.16,359.86,300.0,4128.84,3,2.77,107913.36,2020-12-03,Education Loan
587,99462.01,4.1%,30,4251.76,2130.09,300.0,1769.77,7,14.26,124512.87,2021-08-19,Education Loan
588,47002.98,9.66%,30,18.37,223.9,300.0,14913.76,8,0.37,69008.12,2014-12-28,Agricultural Loan
589,6358.82,8.1%,30,14645.55,5013.58,300.0,3245.83,9,46.59,9980.89,2023-04-11,Personal Loan
590,20274.76,9.02%,30,5545.11,2015.48,300.0,16500.09,10,20.78,31080.63,2020-04-01,Agricultural Loan
591,86985.83,10.79%,30,4819.29,631.81,300.0,3343.25,3,44.59,132189.76,2021-07-20,Auto Loan
592,147474.82,2.13%,30,2561.73,4148.32,300.0,3880.75,3,42.55,203448.28,2017-04-11,Education Loan
593,28735.27,8.59%,30,9350.57,6060.4,300.0,3816.3,11,17.26,36296.32,2016-07-09,Personal Loan
594,44001.33,12.63%,30,8107.77,3398.57,300.0,4551.34,19,15.81,53756.88,2016-06-15,Personal Loan
595,24106.96,11.24%,30,2832.73,3808.91,300.0,2325.5,7,23.92,34042.42,2016-12-15,Agricultural Loan
596,116422.0,11.77%,7,3075.43,4998.51,300.0,3872.34,2,25.82,150225.39,2015-12-22,Auto Loan
597,27831.61,1.86%,30,10100.97,204.27,300.0,3151.38,2,51.79,32747.92,2023-10-21,Education Loan
598,95204.18,5.18%,30,5157.18,3300.35,300.0,5357.66,3,29.14,109924.6,2024-09-09,Auto Loan
599,33136.22,5.43%,30,9228.6,3894.2,300.0,4362.97,1,19.32,47277.79,2014-12-07,Education Loan
600,14896.82,10.59%,30,2876.38,208.15,300.0,1709.46,6,36.74,18703.67,2018-03-19,Home Loan
601,46449.98,3.98%,30,9923.14,2508.71,300.0,718.89,1,10.92,62531.16,2021-09-22,Education Loan
602,31943.74,8.83%,25,2567.97,6144.52,300.0,8036.95,9,27.21,43267.41,2021-05-20,Agricultural Loan
603,10614.28,10.26%,30,3792.57,527.48,300.0,7496.12,3,26.52,13525.55,2021-03-20,Home Loan
604,54135.26,1.28%,30,7564.46,1476.91,300.0,7359.65,1,2.34,72785.71,2018-10-18,Education Loan
605,15850.46,7.84%,30,943.59,2507.46,300.0,7707.03,7,54.0,20596.54,2021-05-14,Agricultural Loan
606,43869.79,6.31%,30,6364.13,4764.55,300.0,7337.74,8,43.84,60706.31,2023-11-02,Personal Loan
607,29910.33,14.61%,30,8445.24,4779.98,300.0,8646.03,11,48.58,36363.72,2021-06-23,Personal Loan
608,15369.46,7.86%,26,3808.2,1893.31,300.0,11355.98,6,30.16,22982.04,2018-05-20,Agricultural Loan
609,39530.77,9.32%,30,3107.48,1108.22,300.0,7095.87,6,6.83,60903.97,2019-01-03,Home Loan
610,41647.72,16.69%,29,2526.82,1126.65,300.0,2653.82,11,50.94,51691.24,2021-03-07,Agricultural Loan
611,85092.74,4.03%,30,643.02,3918.32,300.0,3310.81,3,9.67,118559.24,2020-08-01,Education Loan
612,52737.6,10.39%,30,6358.74,4345.84,300.0,1440.67,11,53.41,61065.07,2016-09-08,Personal Loan
613,14198.28,3.51%,30,2107.34,1424.33,300.0,10536.65,0,12.67,18089.54,2020-12-08,Home Loan
614,108798.46,3.91%,30,4432.34,3058.69,300.0,2960.54,1,15.5,169627.83,2016-02-11,Education Loan
615,34693.55,6.88%,30,9972.12,5203.16,300.0,7760.89,4,51.59,51473.97,2016-10-20,Personal Loan
616,30725.2,3.74%,30,11285.98,3389.36,300.0,5039.57,2,4.54,34400.06,2019-08-13,Education Loan
617,22636.08,9.55%,5,14.19,533.26,300.0,6889.25,4,12.47,28347.07,2020-01-01,Home Loan
618,98692.19,13.38%,28,9944.57,4057.15,300.0,8473.19,8,27.15,153455.62,2024-04-07,Auto Loan
619,31064.17,13.9%,30,4357.44,1268.93,300.0,2486.2,1,8.26,39681.39,2021-01-07,Home Loan
620,17255.77,4.9%,30,7306.06,300.03,300.0,7809.9,4,31.52,22956.34,2024-03-03,Home Loan
621,41747.96,14.66%,5,4623.25,2779.79,300.0,11902.03,9,27.54,55724.84,2015-07-16,Agricultural Loan
622,47903.03,1.66%,30,12656.82,669.57,300.0,4773.14,3,22.63,59389.39,2015-09-27,Education Loan
623,42791.3,7.01%,30,10776.06,5234.89,300.0,349.38,7,58.74,50529.62,2022-11-20,Personal Loan
624,43395.58,13.54%,28,3684.09,3936.21,300.0,3032.48,0,37.12,56842.1,2019-03-17,Auto Loan
625,30812.45,9.67%,30,3460.22,3214.19,300.0,1628.08,7,26.26,34446.96,2018-09-18,Agricultural Loan
626,14744.17,5.7%,30,8041.49,4149.6,300.0,221.15,7,44.37,18452.42,2019-07-03,Personal Loan
627,48433.75,10.77%,24,813.55,3306.28,300.0,7412.01,2,59.01,59686.72,2023-06-23,Home Loan
628,104702.11,9.18%,21,6824.31,1846.18,300.0,2413.16,1,13.4,124548.98,2021-06-02,Auto Loan
629,19216.62,6.08%,30,3134.58,1896.08,300.0,8070.24,10,70.19,22803.48,2017-02-28,Agricultural Loan
630,95867.26,11.2%,23,12641.76,4007.56,300.0,5439.58,0,27.21,137018.97,2021-12-24,Auto Loan
631,59939.09,6.73%,22,2426.8,3067.87,300.0,3989.36,1,53.91,82928.46,2016-12-16,Home Loan
632,1678.22,8.13%,30,9994.69,5340.69,300.0,842.82,4,5.34,2464.42,2021-07-06,Personal Loan
633,11063.46,6.5%,30,13428.94,3554.1,300.0,10366.47,8,19.99,13862.16,2015-02-25,Personal Loan
634,89128.92,1.0%,30,2545.1,4766.28,300.0,3144.36,0,53.69,99847.14,2021-09-28,Education Loan
635,6321.96,6.44%,14,3420.59,3775.01,300.0,7418.61,7,5.18,8015.46,2017-10-28,Agricultural Loan
636,69430.89,4.66%,30,7445.89,4776.19,300.0,6871.32,6,39.41,83176.84,2023-10-17,Personal Loan
637,84660.43,1.5%,30,4958.73,4096.99,300.0,2174.75,1,22.38,133532.51,2024-07-06,Education Loan
638,23977.54,8.83%,30,159.47,1458.15,300.0,4436.85,3,42.04,26959.64,2019-07-05,Home Loan
639,12759.03,12.55%,30,1242.81,2134.56,300.0,5023.09,3,5.84,16329.18,2015-03-18,Home Loan
640,3853.57,13.86%,9,195.78,3479.42,300.0,11267.14,9,6.01,4549.92,2019-07-13,Agricultural Loan
641,2291.7,10.87%,30,3044.83,2035.63,300.0,11072.04,3,38.61,3242.44,2024-05-05,Home Loan
642,114312.8,7.27%,30,9868.45,768.58,300.0,642.57,1,18.11,158572.12,2020-11-30,Auto Loan
643,37628.83,8.5%,30,3298.17,1370.61,300.0,9171.79,1,11.06,47812.25,2015-12-11,Home Loan
644,9061.48,2.08%,30,11333.75,4166.4,300.0,8566.83,12,34.33,13964.31,2021-12-11,Personal Loan
645,2320.22,7.39%,30,10166.95,138.61,300.0,5220.32,6,7.96,2858.69,2015-11-11,Home Loan
646,48806.21,10.43%,30,6009.43,1050.03,300.0,11807.14,7,21.89,61467.15,2018-11-06,Agricultural Loan
647,24981.07,10.32%,16,1478.62,152.57,300.0,4655.04,1,35.16,34891.51,2016-04-16,Home Loan
648,110212.47,5.63%,30,7435.04,7575.92,300.0,648.85,1,13.05,122786.73,2016-12-03,Auto Loan
649,39583.81,9.45%,30,4663.69,3842.61,300.0,15293.77,5,13.89,53592.08,2023-11-07,Agricultural Loan
650,60719.93,9.94%,30,3214.57,3717.75,300.0,8706.89,7,49.14,85650.24,2023-08-11,Agricultural Loan
651,26395.74,14.73%,30,2254.27,866.56,300.0,3288.37,0,33.79,34260.98,2017-12-22,Home Loan
652,23783.9,14.1%,28,2556.99,4553.52,300.0,10673.64,7,7.34,32385.37,2016-10-12,Agricultural Loan
653,7116.98,5.93%,30,127.19,1647.24,300.0,10515.09,8,67.19,10950.63,2022-07-12,Agricultural Loan
654,18146.22,4.71%,30,2003.87,4912.08,300.0,8241.15,6,22.32,23796.27,2017-03-09,Agricultural Loan
655,2693.35,14.74%,5,3662.08,4415.78,300.0,10615.51,5,21.68,4223.16,2017-05-30,Agricultural Loan
656,42156.52,1.91%,10,2393.29,1205.78,300.0,6511.68,1,30.19,59067.82,2016-05-26,Home Loan
657,33343.53,2.11%,5,6073.79,972.36,300.0,7108.66,8,112.59,50833.37,2017-09-16,Agricultural Loan
658,91894.97,3.7%,30,5833.92,3118.33,300.0,1034.52,5,32.05,117951.5,2018-03-15,Education Loan
659,30376.71,12.39%,30,1346.41,420.23,300.0,8796.54,7,26.17,43198.87,2019-02-08,Agricultural Loan
660,42106.0,4.37%,30,10959.09,4078.08,300.0,404.5,10,11.21,47747.16,2024-10-05,Personal Loan
661,16398.73,15.24%,30,995.1,1637.99,300.0,14952.7,4,35.9,18106.25,2015-09-01,Agricultural Loan
662,25551.27,10.75%,30,946.04,1644.96,300.0,8920.24,5,6.92,36134.14,2017-03-23,Agricultural Loan
663,44242.49,6.16%,30,3486.71,2264.17,300.0,3878.47,0,14.33,60696.94,2022-10-26,Home Loan
664,92706.27,11.15%,30,10445.94,755.93,300.0,6611.51,3,19.28,145406.86,2019-06-20,Auto Loan
665,24749.39,9.31%,30,10968.35,3117.2,300.0,915.93,5,34.85,31212.27,2017-07-06,Personal Loan
666,61132.39,9.46%,5,2041.27,679.93,300.0,9173.44,1,18.49,85481.79,2024-07-10,Home Loan
667,57487.96,6.69%,30,14617.33,5437.45,300.0,8185.78,7,61.73,86853.95,2018-01-08,Personal Loan
668,49843.98,6.01%,30,8860.22,3674.52,300.0,2787.12,4,19.12,68072.97,2016-05-26,Personal Loan
669,75865.92,13.6%,30,692.53,4957.97,300.0,6368.82,8,18.48,118270.01,2019-11-27,Agricultural Loan
670,106633.31,7.46%,30,6296.89,4155.81,300.0,343.65,1,69.61,140798.39,2021-02-11,Auto Loan
671,8096.72,9.69%,30,6724.43,553.11,300.0,5433.77,0,22.89,11347.37,2014-11-25,Home Loan
672,2604.69,4.87%,30,8425.45,3498.03,300.0,5034.22,6,19.4,3595.16,2018-03-16,Personal Loan
673,116724.5,8.17%,30,5296.15,4415.38,300.0,3914.53,0,23.45,139838.77,2017-06-18,Auto Loan
674,6602.9,8.83%,30,7121.72,1665.82,300.0,7243.96,2,30.33,8758.63,2022-12-10,Home Loan
675,40610.11,5.16%,30,972.45,1425.36,300.0,3872.29,10,42.72,45795.62,2018-01-04,Home Loan
676,38876.83,5.21%,30,12743.76,3627.81,300.0,6760.58,6,21.35,50099.51,2022-11-17,Personal Loan
677,41786.18,2.57%,30,12467.84,6259.51,300.0,7172.96,0,89.37,57106.06,2021-11-27,Personal Loan
678,96792.43,2.06%,30,7325.08,1759.38,300.0,4797.05,1,5.64,152348.61,2016-08-13,Education Loan
679,138960.39,5.45%,30,12151.0,1662.79,300.0,5814.12,7,19.05,194922.95,2024-03-09,Auto Loan
680,3845.54,9.71%,30,2834.54,4358.47,300.0,12269.51,8,19.23,5264.95,2017-09-14,Agricultural Loan
681,108420.39,3.32%,30,18.96,5102.43,300.0,892.82,3,8.07,167320.19,2016-11-29,Auto Loan
682,89322.66,3.12%,30,9156.15,4733.55,300.0,3186.81,5,37.61,118813.26,2020-04-23,Education Loan
683,48459.76,3.22%,30,11027.35,6741.7,300.0,4646.73,15,12.22,62691.82,2023-11-18,Personal Loan
684,79089.49,1.0%,30,8667.21,3047.95,300.0,1563.46,4,26.29,109578.0,2024-07-25,Education Loan
685,13262.38,8.4%,26,2399.48,1716.61,300.0,10601.13,4,12.32,17712.17,2018-06-24,Home Loan
686,40218.0,10.07%,30,10587.92,3575.74,300.0,1034.24,2,48.99,55985.43,2016-09-27,Auto Loan
687,11064.25,6.81%,30,11398.85,6335.85,300.0,4925.66,8,37.43,17205.52,2022-09-29,Personal Loan
688,3885.96,4.77%,30,8671.75,6826.74,300.0,8626.69,11,66.68,4857.42,2024-01-23,Personal Loan
689,107000.01,1.94%,30,7193.34,1730.14,300.0,2989.12,3,27.19,171008.93,2021-11-26,Education Loan
690,45011.41,15.09%,30,2682.63,2918.82,300.0,5150.63,1,27.25,70249.21,2020-02-25,Auto Loan
691,71754.54,1.81%,30,2566.69,3087.75,300.0,719.6,3,40.15,93014.5,2015-04-02,Education Loan
692,86845.62,4.61%,30,10157.2,261.45,300.0,4795.78,4,44.06,100844.13,2019-06-21,Education Loan
693,57470.8,1.33%,30,8459.78,2250.65,300.0,1834.77,7,75.54,78620.31,2017-07-14,Education Loan
694,55833.39,1.0%,30,9913.09,2854.78,300.0,2827.31,2,51.28,80853.3,2022-02-24,Education Loan
695,28930.36,8.55%,30,1570.23,1121.35,300.0,7113.34,1,9.06,35761.36,2019-06-12,Home Loan
696,101958.83,7.81%,30,10022.14,4636.94,300.0,202.19,2,42.65,116759.69,2016-11-18,Auto Loan
697,31227.56,7.92%,30,2783.93,1326.48,300.0,12919.16,1,99.57,49452.17,2021-05-10,Home Loan
698,193264.36,1.0%,30,7549.05,2865.35,300.0,2565.79,1,34.45,228172.51,2019-09-20,Education Loan
699,63693.76,16.49%,30,9896.35,2726.02,300.0,4607.75,5,53.77,76868.6,2015-12-29,Auto Loan
700,107105.48,2.44%,30,6717.7,2349.36,300.0,305.27,4,22.41,133792.53,2017-07-22,Education Loan
701,83243.31,10.9%,30,8598.15,5315.5,300.0,3980.92,12,62.12,93637.01,2023-01-05,Personal Loan
702,10638.54,4.36%,30,5731.97,4051.39,300.0,1177.08,9,0.57,12229.8,2022-01-03,Personal Loan
703,20558.47,3.83%,30,4913.53,1045.95,300.0,4426.91,1,1.01,23978.53,2019-08-15,Home Loan
704,70479.98,3.02%,30,7561.68,2533.36,300.0,6038.03,2,16.93,98180.39,2017-06-17,Auto Loan
705,24405.73,13.27%,5,4209.89,355.5,300.0,2568.44,8,17.98,37847.75,2021-05-29,Home Loan
706,33799.53,8.38%,30,8497.32,5583.86,300.0,812.76,12,50.19,37388.87,2015-08-18,Personal Loan
707,2005.79,1.0%,30,6799.3,1612.82,300.0,3453.15,4,28.62,2690.0,2022-02-05,Home Loan
708,44347.78,3.41%,30,2864.98,4147.71,300.0,8645.49,4,1.24,50962.26,2020-05-14,Agricultural Loan
709,60378.29,5.86%,30,1183.5,2078.32,300.0,8885.02,1,35.67,89972.11,2020-06-07,Auto Loan
710,34325.32,9.67%,30,6705.53,3582.76,300.0,7014.64,8,6.83,45648.14,2020-07-22,Agricultural Loan
711,27411.04,4.37%,27,5308.18,674.39,300.0,5356.47,1,11.92,40487.26,2023-11-16,Home Loan
712,108552.73,1.0%,30,4732.73,754.7,300.0,7.06,1,21.46,164338.73,2018-12-25,Education Loan
713,19310.74,9.74%,19,709.47,1018.79,300.0,7805.99,4,43.06,30129.79,2015-09-02,Home Loan
714,71130.15,6.8%,30,6664.4,5200.56,300.0,5343.82,3,5.73,105815.72,2017-07-04,Auto Loan
715,62922.61,3.48%,30,7180.91,5029.0,300.0,4316.4,0,35.12,92343.87,2014-12-27,Education Loan
716,92488.65,2.2%,30,11548.47,2612.12,300.0,3422.85,0,23.34,123980.54,2024-05-28,Education Loan
717,75097.37,11.15%,30,11477.22,3771.33,300.0,265.21,3,0.73,89340.49,2021-12-13,Auto Loan
718,29676.07,6.76%,30,4959.24,3542.74,300.0,1785.94,8,69.4,40606.0,2017-08-06,Personal Loan
719,31622.41,12.31%,30,4413.7,1481.6,300.0,6792.47,6,29.95,46273.14,2018-08-31,Agricultural Loan
720,66829.4,8.06%,30,4086.71,638.33,300.0,7931.52,5,7.2,99023.85,2015-03-06,Home Loan
721,79882.32,11.92%,30,2581.11,1873.45,300.0,5630.39,1,14.38,92152.78,2023-04-25,Auto Loan
722,14429.85,9.61%,30,94.39,835.87,300.0,10792.58,6,10.61,20183.2,2017-05-10,Agricultural Loan
723,131339.32,10.75%,30,8797.5,3723.94,300.0,4076.87,2,20.04,182086.18,2019-07-03,Auto Loan
724,73834.09,3.78%,30,12358.91,1933.99,300.0,1922.59,4,23.94,92404.82,2020-03-02,Education Loan
725,86582.6,1.0%,30,5226.43,1471.88,300.0,6731.37,7,23.63,124040.99,2023-08-15,Education Loan
726,24356.67,10.51%,30,4850.98,210.04,300.0,6221.37,8,85.92,33869.72,2020-06-18,Agricultural Loan
727,12871.79,5.85%,30,4347.36,7047.59,300.0,385.73,9,10.45,18476.87,2019-04-28,Personal Loan
728,28513.35,4.91%,30,1773.82,959.35,300.0,3904.42,9,15.35,35704.73,2021-10-02,Home Loan
729,12203.43,9.64%,30,1857.08,5061.4,300.0,8956.99,9,21.07,14921.28,2021-05-22,Agricultural Loan
730,101158.73,14.38%,30,5061.12,5072.0,300.0,5040.74,0,24.84,161154.95,2018-03-01,Auto Loan
731,7739.42,3.99%,27,3552.43,1330.89,300.0,10170.13,3,16.89,9795.55,2023-06-24,Home Loan
732,97248.47,8.13%,30,4764.69,5457.51,300.0,5163.74,3,27.11,109797.09,2018-01-27,Auto Loan
733,59875.25,8.01%,30,2291.52,5986.36,300.0,3343.88,2,28.91,67810.04,2015-09-26,Auto Loan
734,170532.92,7.42%,30,8700.1,3093.27,300.0,4942.8,1,42.49,259686.46,2014-11-05,Auto Loan
735,14402.44,8.41%,30,1879.96,664.48,300.0,4547.97,6,43.03,16217.9,2023-11-30,Home Loan
736,96758.49,2.63%,30,6019.37,2322.34,300.0,2829.59,3,28.55,124207.72,2020-07-25,Education Loan
737,46101.16,7.18%,30,13979.48,1470.33,300.0,2499.04,7,86.36,58114.25,2023-07-10,Personal Loan
738,22165.64,5.64%,30,6803.13,4737.4,300.0,6775.9,1,5.37,28082.1,2018-05-29,Personal Loan
739,42361.11,9.38%,30,1684.99,1715.9,300.0,8943.29,13,1.41,58570.09,2018-03-29,Agricultural Loan
740,20149.08,1.52%,30,7215.86,2390.77,300.0,1073.16,3,6.85,24259.64,2016-10-23,Education Loan
741,40937.17,2.3%,30,1737.8,2717.67,300.0,4841.4,0,3.04,55079.91,2017-07-01,Home Loan
742,78764.71,12.3%,30,7589.93,4809.48,300.0,4932.13,4,54.14,92399.67,2022-11-22,Auto Loan
743,66736.49,1.09%,30,6808.75,2676.4,300.0,8829.88,1,25.02,94995.67,2022-06-05,Education Loan
744,20982.74,6.87%,30,5455.42,724.66,300.0,1916.84,1,3.82,24197.41,2020-09-14,Home Loan
745,90368.07,17.48%,30,8765.38,3324.95,300.0,4156.95,2,13.85,117743.27,2017-12-02,Auto Loan
746,11292.81,6.98%,30,2382.78,3987.8,300.0,12879.71,4,56.24,16746.17,2024-07-13,Agricultural Loan
747,15956.04,2.95%,30,10801.23,6308.32,300.0,3066.37,10,65.57,19493.74,2020-12-01,Personal Loan
748,141351.71,4.36%,30,8228.73,1503.93,300.0,2052.94,2,26.46,165068.55,2018-03-31,Education Loan
749,6812.36,5.99%,30,756.73,534.66,300.0,5779.8,3,17.61,9976.0,2015-11-20,Home Loan
750,30743.09,6.34%,30,5608.26,3693.53,300.0,3813.65,2,44.23,36857.07,2014-12-12,Home Loan
751,14860.98,10.91%,30,12360.77,1735.31,300.0,6339.31,5,34.79,19961.45,2018-11-23,Personal Loan
752,6574.63,8.78%,30,44.24,1503.45,300.0,7153.88,6,1.37,7778.7,2015-04-29,Home Loan
753,110389.95,7.56%,30,6827.31,3390.85,300.0,9643.22,4,11.43,136954.09,2019-02-23,Auto Loan
754,70373.94,1.95%,30,10075.63,2811.08,300.0,1826.37,6,11.65,99048.67,2014-10-24,Education Loan
755,41816.73,4.9%,30,9712.3,4645.33,300.0,3805.23,6,37.29,56989.14,2019-10-13,Agricultural Loan
756,23253.5,5.66%,30,6887.21,278.49,300.0,4127.22,0,24.64,32474.93,2024-02-07,Home Loan
757,41961.27,3.7%,30,15567.65,5807.54,300.0,639.11,1,6.31,66970.81,2019-06-16,Personal Loan
758,13214.91,4.07%,30,6695.96,676.18,300.0,5912.34,5,17.87,19759.94,2023-09-10,Home Loan
759,45065.23,12.95%,22,5084.61,21.72,300.0,2045.28,2,37.31,64500.18,2024-06-10,Home Loan
760,9662.62,11.31%,30,562.48,2400.35,300.0,7896.6,2,12.58,13055.0,2017-05-11,Home Loan
761,23294.0,9.85%,30,1953.29,7969.08,300.0,3436.79,11,26.51,28482.02,2016-06-18,Agricultural Loan
762,94862.28,9.73%,30,4565.76,2142.47,300.0,6872.57,0,22.23,140124.07,2022-04-25,Auto Loan
763,75737.17,13.98%,30,3470.68,3091.62,300.0,166.64,4,24.09,90470.3,2020-10-26,Auto Loan
764,14605.63,9.26%,28,3621.9,646.42,300.0,6327.44,6,33.93,20729.65,2023-08-23,Home Loan
765,4848.33,1.0%,30,1554.4,1777.54,300.0,7000.01,4,1.51,7566.44,2019-07-29,Agricultural Loan
766,74747.9,11.77%,30,1521.84,2567.11,300.0,294.95,3,26.9,98125.46,2016-06-26,Auto Loan
767,24928.09,8.97%,30,7627.11,4767.12,300.0,7929.19,9,41.18,35757.75,2020-08-14,Personal Loan
768,32329.06,10.07%,9,6304.46,3563.04,300.0,7810.15,9,37.32,48454.55,2022-06-18,Agricultural Loan
769,75913.83,7.17%,30,5459.14,3964.19,300.0,7293.07,2,36.49,113993.77,2024-05-26,Home Loan
770,98582.93,1.0%,30,10409.46,2844.43,300.0,3292.87,1,8.62,111217.63,2017-02-24,Education Loan
771,428.89,1.45%,30,7396.92,4470.81,300.0,621.17,2,8.67,552.61,2019-08-17,Education Loan
772,25459.38,6.32%,30,58.32,1977.13,300.0,11314.82,6,32.61,37060.96,2023-12-25,Agricultural Loan
773,21693.86,4.7%,30,31.26,629.87,300.0,10180.29,11,22.26,24815.39,2018-08-27,Agricultural Loan
774,17642.65,8.12%,30,6430.4,5114.82,300.0,6600.7,10,25.58,23100.35,2024-04-04,Personal Loan
775,100074.15,15.89%,5,2963.03,1905.96,300.0,4685.51,9,38.07,112557.94,2022-03-29,Agricultural Loan
776,52788.97,4.96%,17,5134.1,4863.91,300.0,7358.37,8,5.53,70478.77,2016-02-11,Agricultural Loan
777,16978.27,8.86%,30,749.52,4304.97,300.0,7335.58,4,23.2,23252.71,2017-06-21,Agricultural Loan
778,29029.69,9.24%,30,23.16,3186.83,300.0,12109.52,12,17.27,33111.04,2017-05-01,Agricultural Loan
779,6413.96,4.29%,30,13178.37,2899.49,300.0,6711.84,2,20.89,8543.33,2018-08-21,Education Loan
780,49739.48,3.03%,21,7174.19,2657.47,300.0,8218.66,2,49.5,64380.62,2018-10-08,Home Loan
781,12867.09,5.3%,30,8810.15,4090.24,300.0,6106.5,10,100.48,16080.33,2018-12-07,Personal Loan
782,83134.79,6.15%,30,7049.38,3968.01,300.0,1327.18,6,2.18,129723.96,2021-09-13,Personal Loan
783,125159.63,2.8%,30,9534.71,1030.66,300.0,5063.69,7,1.94,177066.87,2022-11-07,Education Loan
784,3859.42,7.33%,30,4890.83,2507.1,300.0,11019.74,7,17.99,4933.25,2023-05-20,Agricultural Loan
785,15459.65,1.0%,30,6110.21,2514.5,300.0,3994.5,5,8.99,22416.01,2019-01-09,Education Loan
786,19047.38,8.52%,30,2881.66,594.45,300.0,6827.71,0,22.97,25774.18,2024-01-26,Home Loan
787,8639.55,3.7%,30,11858.63,1965.03,300.0,9423.28,5,25.81,11319.71,2016-06-06,Personal Loan
788,19074.9,12.46%,16,2158.21,2796.59,300.0,8309.0,6,4.6,28308.61,2017-04-05,Agricultural Loan
789,26508.11,3.41%,30,5939.78,1753.18,300.0,83.57,8,3.36,38538.65,2017-11-05,Personal Loan
790,86080.76,10.3%,30,9169.72,1623.08,300.0,1903.71,3,60.22,121918.04,2015-01-03,Auto Loan
791,57256.15,1.0%,30,4684.97,6984.21,300.0,6980.86,13,20.85,72247.44,2022-12-20,Agricultural Loan
792,40773.67,12.16%,25,2252.21,5774.76,300.0,12679.62,13,42.23,55882.76,2016-11-14,Agricultural Loan
793,5775.26,7.97%,30,1524.8,1248.1,300.0,4778.21,1,21.88,8736.91,2017-12-30,Home Loan
794,31490.55,10.59%,30,9977.4,6605.05,300.0,6049.92,5,27.86,35485.02,2015-05-05,Personal Loan
795,75659.5,3.3%,30,5170.46,3496.95,300.0,6152.93,6,40.16,91109.03,2017-01-09,Education Loan
796,61054.88,10.66%,30,8111.99,4484.48,300.0,1834.99,9,41.02,85234.21,2015-04-07,Personal Loan
797,7415.4,11.55%,22,938.83,426.75,300.0,1785.72,1,47.14,10020.1,2017-05-20,Home Loan
798,15013.27,9.41%,30,11764.51,3748.96,300.0,2295.49,6,13.98,17891.57,2022-06-24,Personal Loan
799,23701.34,12.45%,27,1522.46,1053.26,300.0,9389.01,4,23.12,28993.91,2019-11-12,Home Loan
800,25917.42,14.33%,30,601.88,4343.13,300.0,11833.48,8,43.21,37958.28,2020-08-03,Agricultural Loan
801,68463.07,3.73%,30,6547.19,2835.56,300.0,7254.6,1,37.93,80941.13,2017-07-01,Education Loan
802,29664.62,8.62%,23,5608.53,2511.69,300.0,12677.25,1,9.45,38104.26,2021-12-14,Home Loan
803,75400.91,5.64%,30,6449.46,828.05,300.0,1023.55,3,57.82,103679.08,2017-03-16,Education Loan
804,150422.48,11.68%,30,4494.39,4477.57,300.0,789.98,2,17.5,215506.54,2019-07-02,Auto Loan
805,67118.5,8.51%,30,6042.95,4839.68,300.0,6381.56,11,15.38,89222.65,2017-06-26,Personal Loan
806,30250.34,6.49%,30,11173.95,4192.72,300.0,4013.01,11,75.56,46097.5,2024-08-10,Personal Loan
807,106188.95,11.05%,27,3518.73,2673.01,300.0,9250.67,10,68.59,159359.98,2021-11-14,Agricultural Loan
808,49160.49,1.53%,30,7059.88,3396.35,300.0,5257.73,1,14.24,57538.32,2016-06-14,Education Loan
809,38033.93,2.65%,30,7537.15,2616.83,300.0,5096.07,0,57.73,46145.77,2023-08-06,Education Loan
810,30021.19,5.88%,30,8300.29,6810.96,300.0,7071.84,8,34.37,33342.87,2018-09-17,Personal Loan
811,15451.26,10.28%,30,3333.77,3806.05,300.0,5269.92,4,38.15,22431.78,2020-04-27,Agricultural Loan
812,78655.44,1.0%,30,5822.18,1727.67,300.0,6455.54,2,54.09,111950.23,2016-09-08,Education Loan
813,52899.89,8.84%,30,1099.99,3818.67,300.0,3941.09,3,7.02,66687.77,2017-07-08,Agricultural Loan
814,49558.19,1.0%,30,5304.07,2031.01,300.0,2590.13,3,28.86,69859.17,2016-06-05,Education Loan
815,107798.96,6.09%,30,5493.12,2648.25,300.0,2396.43,5,3.43,135022.17,2017-06-15,Auto Loan
816,107880.07,10.21%,30,5205.71,4186.92,300.0,7443.68,2,21.85,144168.52,2024-04-25,Auto Loan
817,44704.22,5.85%,30,14701.82,3795.73,300.0,7332.6,2,14.61,58622.7,2024-04-20,Education Loan
818,115426.31,1.0%,30,11625.87,4080.69,300.0,58.27,3,24.62,168933.29,2022-09-24,Education Loan
819,97293.03,7.07%,30,5800.23,2417.75,300.0,5467.66,4,29.28,147115.78,2017-10-25,Home Loan
820,84590.82,6.69%,30,2376.91,4965.87,300.0,6617.02,2,23.47,95693.28,2022-06-13,Auto Loan
821,41603.91,8.74%,30,7709.48,4816.2,300.0,5026.68,4,13.14,46506.03,2020-01-27,Auto Loan
822,59703.27,11.73%,30,1190.2,4605.13,300.0,1118.58,0,20.46,91674.95,2020-11-08,Auto Loan
823,54241.68,4.88%,28,4560.35,2010.13,300.0,6663.04,9,0.98,67622.25,2018-07-31,Agricultural Loan
824,120618.53,7.57%,30,8922.89,1347.13,300.0,2857.64,1,68.23,165438.17,2018-12-30,Auto Loan
825,44500.62,7.83%,30,4410.71,5853.28,300.0,3871.22,8,1.3,60765.36,2016-10-05,Personal Loan
826,18852.64,7.95%,30,7155.93,4356.02,300.0,709.7,3,28.38,22136.44,2023-11-10,Personal Loan
827,21272.88,5.23%,9,4917.05,3390.29,300.0,5125.91,1,8.68,23844.22,2024-10-05,Home Loan
828,2324.12,9.86%,30,1785.39,4570.76,300.0,13917.2,7,9.43,3350.97,2016-11-06,Agricultural Loan
829,16724.51,7.52%,30,238.19,188.84,300.0,9819.38,1,45.44,23030.73,2017-02-12,Home Loan
830,53998.97,9.82%,30,11850.32,587.4,300.0,8200.22,9,27.88,67237.22,2015-02-06,Personal Loan
831,21335.24,7.73%,30,3603.06,3366.52,300.0,10944.3,5,21.86,24379.77,2024-09-09,Agricultural Loan
832,5011.0,6.19%,30,5016.23,5162.54,300.0,4378.8,12,84.59,5861.01,2019-10-28,Personal Loan
833,111819.53,10.85%,30,3709.14,2568.84,300.0,6430.91,2,2.43,171351.65,2016-04-15,Auto Loan
834,24539.42,14.04%,30,1315.87,2195.71,300.0,8131.48,10,24.13,35284.07,2018-10-05,Agricultural Loan
835,8342.17,9.24%,30,788.85,3185.77,300.0,9172.01,5,1.84,9844.2,2020-10-31,Agricultural Loan
836,43858.86,10.2%,30,2755.19,4265.27,300.0,8914.99,11,36.53,54777.63,2020-08-22,Agricultural Loan
837,22182.1,10.8%,22,8250.33,4948.84,300.0,5364.0,10,38.95,34088.59,2017-06-13,Agricultural Loan
838,143826.83,10.78%,30,9842.74,2897.19,300.0,2637.49,1,32.86,167211.26,2021-09-04,Auto Loan
839,117170.5,5.62%,30,6678.67,458.32,300.0,8048.01,1,17.03,180168.52,2016-02-19,Auto Loan
840,101584.27,8.33%,30,1634.67,6499.54,300.0,8187.03,0,26.49,150141.99,2015-05-09,Auto Loan
841,39151.27,3.7%,30,12198.58,3710.05,300.0,1600.63,10,36.69,48348.65,2018-09-24,Personal Loan
842,8703.45,9.03%,30,1644.34,3572.36,300.0,9614.72,12,37.05,11452.68,2021-02-24,Agricultural Loan
843,25811.77,3.97%,30,4380.16,7025.48,300.0,499.88,9,31.99,30885.92,2019-08-25,Personal Loan
844,27118.68,6.72%,30,8410.67,4926.76,300.0,8336.51,3,17.85,33640.64,2023-05-18,Personal Loan
845,98132.72,4.46%,30,10840.94,664.67,300.0,4063.72,0,49.3,111961.47,2015-06-04,Education Loan
846,16888.69,11.79%,30,32.36,2392.48,300.0,6152.75,9,51.71,25702.94,2017-03-22,Agricultural Loan
847,78243.55,6.54%,30,14757.66,1088.6,300.0,2156.46,2,3.73,115427.25,2018-07-01,Education Loan
848,113460.93,10.39%,30,7097.89,4220.13,300.0,3604.84,7,5.29,136362.39,2017-01-27,Auto Loan
849,75121.52,5.4%,30,3935.1,5120.91,300.0,2138.81,16,77.84,93087.84,2021-04-17,Personal Loan
850,49961.83,7.33%,30,3804.28,3471.17,300.0,5005.33,6,36.64,58279.01,2020-10-15,Agricultural Loan
851,3266.01,1.05%,29,9747.96,4639.05,300.0,623.33,10,21.05,3708.72,2022-10-12,Personal Loan
852,121787.91,9.3%,30,4335.33,5232.04,300.0,12028.33,1,28.26,190662.95,2020-12-31,Auto Loan
853,35481.14,6.97%,30,11682.9,5832.54,300.0,6205.86,9,30.74,46099.36,2016-08-12,Personal Loan
854,9925.59,3.54%,30,16798.29,4946.43,300.0,3589.18,10,35.11,14044.36,2023-04-09,Personal Loan
855,9735.17,2.05%,30,2014.86,748.49,300.0,3449.12,3,62.05,15171.49,2022-03-10,Home Loan
856,62407.87,6.94%,25,4657.94,3882.24,300.0,10858.8,8,4.84,87783.61,2015-04-04,Agricultural Loan
857,47578.04,1.41%,24,5139.66,1178.34,300.0,3293.74,3,52.82,65611.66,2019-07-12,Education Loan
858,25585.68,10.45%,30,1474.81,101.29,300.0,5133.63,1,3.07,33861.15,2020-12-25,Home Loan
859,75174.13,10.64%,27,3684.97,4584.7,300.0,13720.96,7,28.01,113794.53,2023-04-07,Agricultural Loan
860,129469.48,8.22%,30,2065.57,2277.11,300.0,3540.41,1,24.65,151180.11,2019-10-05,Auto Loan
861,123115.79,13.96%,30,2661.48,4168.5,300.0,7190.96,3,8.46,146298.59,2015-01-05,Auto Loan
862,108004.57,3.63%,30,6718.94,3219.17,300.0,3528.64,0,14.83,159707.82,2022-05-04,Education Loan
863,36746.79,6.6%,30,6983.76,3302.11,300.0,3557.23,12,63.25,47942.29,2021-07-21,Personal Loan
864,56904.03,1.83%,30,5251.61,3172.15,300.0,690.65,6,2.72,75282.09,2016-04-19,Education Loan
865,7582.65,2.34%,18,1494.02,1946.31,300.0,8397.87,0,31.53,10092.44,2020-03-13,Home Loan
866,31977.15,1.54%,30,8602.98,1164.95,300.0,8038.28,6,9.89,43859.39,2020-11-18,Education Loan
867,58956.87,14.45%,30,8392.66,201.16,300.0,4920.57,2,33.01,90491.29,2020-08-30,Auto Loan
868,6392.77,11.27%,30,1433.77,760.4,300.0,3935.11,1,38.22,8636.33,2024-01-08,Home Loan
869,21.21,5.63%,30,6297.88,7147.28,300.0,7107.11,7,31.36,32.93,2014-12-17,Agricultural Loan
870,29069.01,10.81%,9,2041.85,141.71,300.0,7559.8,1,32.75,40433.74,2021-09-08,Home Loan
871,30785.0,5.13%,11,3402.45,4199.71,300.0,6258.62,0,34.35,35149.13,2019-02-22,Auto Loan
872,152179.68,11.26%,30,9322.22,4118.27,300.0,5729.39,6,13.3,229584.36,2015-12-19,Auto Loan
873,48867.6,8.67%,30,4570.44,5240.26,300.0,10263.16,5,73.19,60882.62,2021-03-21,Agricultural Loan
874,7870.04,6.1%,30,6131.46,6248.2,300.0,1351.86,9,11.63,11266.26,2017-10-13,Personal Loan
875,43853.53,1.0%,30,7284.38,1717.25,300.0,4593.47,3,26.34,66665.31,2019-02-04,Education Loan
876,31560.6,4.9%,30,10604.32,4149.5,300.0,4731.66,9,16.17,41839.68,2017-06-26,Personal Loan
877,41380.41,9.3%,9,8407.68,1527.45,300.0,3427.77,1,52.67,59225.08,2020-10-06,Home Loan
878,86359.5,8.4%,30,7341.21,5453.46,300.0,1349.64,1,6.85,108466.04,2018-06-15,Auto Loan
879,96298.23,7.33%,30,1422.32,5066.51,300.0,4752.04,0,10.1,112129.58,2023-06-16,Auto Loan
880,109800.42,4.42%,16,13164.01,5019.02,300.0,4017.46,13,37.39,127537.74,2018-06-04,Personal Loan
881,78298.13,8.16%,30,6475.21,3169.93,300.0,4408.16,1,43.41,93831.68,2016-11-17,Auto Loan
882,1739.91,2.49%,28,8860.28,6530.89,300.0,682.06,5,62.75,2636.82,2016-01-16,Personal Loan
883,46503.7,8.48%,30,855.08,3576.34,300.0,7668.24,9,48.42,59845.53,2020-10-30,Personal Loan
884,71953.74,9.24%,30,6936.23,5578.74,300.0,1472.61,7,124.91,114530.4,2023-03-17,Personal Loan
885,68576.4,3.4%,30,7678.58,383.66,300.0,2390.44,5,9.47,106891.1,2015-07-22,Education Loan
886,100560.05,7.75%,30,4247.87,1505.65,300.0,4994.46,3,26.01,118268.42,2022-07-11,Auto Loan
887,29247.11,1.72%,30,8380.78,1264.04,300.0,3029.28,0,41.8,33621.54,2016-04-10,Education Loan
888,29896.07,8.85%,30,2266.75,1052.37,300.0,13121.5,6,27.34,39482.76,2016-02-08,Home Loan
889,70320.23,5.01%,30,3385.81,324.39,300.0,12320.77,6,23.14,95277.29,2016-02-11,Home Loan
890,37581.19,7.38%,30,4796.5,833.42,300.0,8223.61,2,61.3,48257.48,2024-03-23,Home Loan
891,97632.49,2.77%,30,4692.42,4218.07,300.0,1877.7,0,29.72,131378.9,2023-09-01,Education Loan
892,98560.13,9.29%,15,1268.4,3119.76,300.0,1060.51,3,0.59,156684.54,2021-09-18,Auto Loan
893,7491.16,7.59%,30,2064.77,3250.24,300.0,11839.32,5,35.64,11841.53,2017-05-02,Agricultural Loan
894,62918.49,11.77%,30,5070.57,5718.87,300.0,5037.59,5,33.54,70159.29,2017-09-18,Agricultural Loan
895,52134.08,1.0%,30,4866.21,2861.74,300.0,2615.41,3,49.24,79622.73,2023-10-22,Education Loan
896,39467.2,8.46%,13,1615.45,2221.02,300.0,9054.36,10,31.07,60096.88,2020-08-09,Agricultural Loan
897,4183.34,8.01%,30,3082.1,3600.77,300.0,13550.96,4,15.59,6419.93,2022-06-22,Agricultural Loan
898,76997.21,6.99%,30,7647.95,2802.0,300.0,4015.99,2,29.1,114005.19,2018-07-18,Auto Loan
899,80318.2,5.18%,28,2051.44,2663.33,300.0,8278.03,5,1.88,111316.74,2016-06-04,Agricultural Loan
900,67000.75,1.0%,30,3597.09,4653.6,300.0,5240.41,1,43.7,105741.9,2020-01-17,Education Loan
901,45134.69,11.99%,30,294.07,2635.05,300.0,8753.78,7,52.8,52794.5,2021-04-10,Agricultural Loan
902,63221.67,4.63%,30,6663.33,5602.45,300.0,2950.73,5,12.96,72895.42,2024-07-16,Education Loan
903,4754.2,7.55%,30,156.02,2326.67,300.0,4933.1,12,21.18,7460.91,2020-06-30,Agricultural Loan
904,23392.48,10.6%,30,3432.67,3343.1,300.0,11656.33,7,16.07,29297.96,2018-08-18,Agricultural Loan
905,22494.28,8.55%,30,2736.43,2933.41,300.0,10301.15,6,32.06,34996.8,2017-05-21,Agricultural Loan
906,61093.33,1.0%,30,576.0,1054.0,300.0,10417.99,4,4.79,89756.55,2017-10-02,Home Loan
907,85215.87,4.18%,30,8158.93,2321.02,300.0,3521.95,4,3.71,98001.96,2018-03-21,Education Loan
908,85330.94,1.0%,30,8258.35,3538.14,300.0,3759.23,4,4.53,135383.97,2021-12-20,Education Loan
909,7647.33,10.84%,14,1023.94,1620.17,300.0,1880.34,9,25.98,9183.35,2019-11-03,Agricultural Loan
910,85452.81,7.94%,30,5650.76,4812.62,300.0,1877.04,3,6.38,115877.22,2018-08-07,Auto Loan
911,69207.62,1.0%,30,12202.18,3469.87,300.0,3705.79,1,110.66,97977.53,2021-04-19,Education Loan
912,33120.91,10.8%,30,9044.61,642.2,300.0,2775.29,3,9.16,44919.45,2017-08-29,Home Loan
913,1281.22,4.6%,30,7311.87,6213.34,300.0,1276.17,9,1.73,1932.24,2015-06-30,Personal Loan
914,12980.07,8.94%,19,2946.25,5208.37,300.0,10232.18,8,28.72,17780.86,2022-04-01,Agricultural Loan
915,20518.21,8.1%,30,11121.91,6573.11,300.0,3602.55,4,27.46,28368.07,2019-05-03,Personal Loan
916,16347.73,2.28%,30,9015.28,7112.14,300.0,7764.52,13,48.03,25825.6,2024-05-10,Personal Loan
917,77989.87,7.5%,30,3520.66,2549.43,300.0,4932.52,2,17.32,104941.25,2022-11-04,Auto Loan
918,53075.31,6.3%,30,10177.71,8089.51,300.0,1561.64,11,36.25,67978.64,2015-07-24,Personal Loan
919,80424.27,6.9%,30,4041.7,4052.72,300.0,4193.99,0,19.89,101007.02,2015-12-17,Auto Loan
920,88966.21,1.61%,30,8918.08,4201.66,300.0,4880.16,5,20.09,108324.73,2024-03-16,Education Loan
921,13740.81,7.15%,30,12801.0,4398.81,300.0,2834.74,8,64.04,21743.14,2022-06-16,Personal Loan
922,17518.88,10.55%,23,7568.42,4894.45,300.0,5733.21,11,44.46,22176.91,2020-03-10,Personal Loan
923,130736.62,8.55%,30,9381.65,2598.28,300.0,4497.96,2,17.85,191425.89,2016-03-05,Auto Loan
924,3420.54,7.9%,30,774.26,3102.79,300.0,13093.42,2,25.55,4188.09,2022-07-29,Agricultural Loan
925,105503.13,14.78%,30,4259.99,2182.86,300.0,1398.33,1,30.36,163052.86,2016-09-27,Auto Loan
926,69091.68,1.0%,30,2709.43,2864.49,300.0,69.06,0,3.54,82648.24,2016-11-15,Education Loan
927,121734.19,9.49%,5,3123.85,5523.99,300.0,4905.52,0,32.44,166307.73,2022-09-06,Auto Loan
928,6267.73,6.93%,30,8482.47,4703.96,300.0,5204.61,4,1.76,8681.78,2021-02-01,Personal Loan
929,57566.92,6.56%,30,8180.93,5683.0,300.0,978.43,11,3.88,84010.02,2018-10-26,Personal Loan
930,18464.48,3.08%,30,6972.35,3159.18,300.0,3624.14,3,116.85,28174.64,2018-01-01,Personal Loan
931,88899.5,7.13%,5,2169.44,1744.17,300.0,3227.93,4,6.88,138471.62,2021-03-31,Auto Loan
932,64001.32,4.27%,30,9902.59,3755.74,300.0,3687.71,5,65.86,87954.75,2017-07-29,Personal Loan
933,41752.66,8.83%,30,9633.04,4616.4,300.0,537.19,2,23.0,47565.99,2021-06-27,Auto Loan
934,3873.28,5.9%,30,10027.48,3313.29,300.0,3105.76,11,52.87,4389.77,2016-01-16,Personal Loan
935,30931.42,12.97%,30,2672.26,1522.9,300.0,6363.81,1,12.24,34300.4,2020-02-17,Auto Loan
936,52630.29,3.12%,30,2358.91,2645.33,300.0,4373.6,3,18.5,59904.39,2014-12-14,Education Loan
937,51834.16,4.0%,30,10327.19,3594.99,300.0,6068.36,11,35.61,63596.52,2020-09-09,Personal Loan
938,79182.12,4.45%,30,8092.62,2157.24,300.0,1855.05,1,6.65,95007.11,2024-03-22,Education Loan
939,878.3,6.09%,30,3489.58,1849.5,300.0,7661.08,6,19.46,1047.8,2015-04-29,Agricultural Loan
940,50960.15,14.97%,30,9470.38,37.99,300.0,1878.31,2,15.08,62309.53,2017-10-30,Auto Loan
941,22287.0,8.81%,30,3796.37,1909.19,300.0,8010.95,1,21.96,31621.07,2016-04-22,Home Loan
942,71264.75,1.0%,30,10243.27,1942.9,300.0,4570.88,1,23.88,112058.81,2021-04-07,Education Loan
943,118175.35,2.67%,30,9162.19,2189.38,300.0,966.58,1,30.44,186515.01,2022-07-04,Education Loan
944,18024.22,7.08%,11,3244.1,1300.42,300.0,4268.48,5,0.36,26877.32,2016-01-05,Home Loan
945,117448.07,11.63%,30,5945.78,3044.12,300.0,4263.84,1,33.73,138253.75,2020-05-30,Auto Loan
946,61779.88,1.0%,30,7500.99,1411.6,300.0,4855.71,1,25.35,83483.58,2022-11-11,Education Loan
947,68233.01,7.45%,30,8930.46,2647.36,300.0,1871.12,1,30.17,99414.78,2021-12-14,Home Loan
948,22179.65,11.92%,25,990.18,4027.98,300.0,7949.97,8,20.38,33805.08,2016-06-21,Agricultural Loan
949,131150.94,6.71%,30,8598.26,2486.94,300.0,1370.63,3,2.96,158167.11,2016-11-01,Auto Loan
950,31947.57,5.01%,30,8593.98,2556.2,300.0,5074.57,4,22.71,45273.15,2020-12-27,Education Loan
951,133359.37,4.38%,30,5887.01,3811.88,300.0,4506.53,5,62.96,178243.16,2023-04-20,Education Loan
952,124795.87,6.53%,30,5899.17,3132.55,300.0,4606.36,2,13.09,174583.56,2019-02-08,Auto Loan
953,8435.28,9.11%,30,8843.89,6669.59,300.0,3838.48,6,42.65,10106.57,2017-07-30,Personal Loan
954,103630.17,1.0%,30,9521.31,2365.61,300.0,2773.18,3,27.62,126842.67,2018-10-16,Education Loan
955,50716.0,7.42%,30,5105.65,2416.98,300.0,7086.54,6,37.94,73040.39,2022-09-10,Agricultural Loan
956,12997.13,7.87%,23,7338.88,138.03,300.0,5882.66,3,28.52,14881.42,2021-09-26,Home Loan
957,16110.53,8.15%,16,1012.05,825.25,300.0,6393.63,2,4.29,18995.8,2022-05-21,Home Loan
958,66714.36,1.0%,30,3214.98,1705.11,300.0,2931.83,2,10.68,95474.61,2016-05-11,Education Loan
959,21012.95,10.91%,5,6740.67,732.98,300.0,4295.26,1,2.92,28629.16,2016-05-28,Home Loan
960,113915.45,3.37%,30,4450.96,375.77,300.0,2510.23,1,37.03,174794.35,2024-08-23,Education Loan
961,23126.88,9.97%,30,5456.09,6325.27,300.0,3650.94,9,60.03,27857.7,2022-06-03,Personal Loan
962,35551.54,7.97%,30,8203.41,2866.91,300.0,5747.48,8,12.45,52573.13,2014-12-09,Agricultural Loan
963,17886.95,2.96%,30,7927.76,2606.71,300.0,4620.15,3,4.57,25340.14,2022-12-19,Education Loan
964,37936.71,5.72%,30,1428.44,1967.21,300.0,5590.59,3,7.56,51965.48,2015-07-20,Home Loan
965,32139.96,13.39%,30,9421.9,3074.87,300.0,6002.24,2,23.58,46402.69,2021-11-10,Auto Loan
966,1388.14,6.73%,30,2224.74,2555.89,300.0,5287.64,2,38.3,1869.86,2020-11-15,Home Loan
967,30942.31,7.67%,30,6184.71,4720.87,300.0,10103.63,2,28.35,35712.88,2015-10-19,Personal Loan
968,98625.09,9.16%,30,8935.03,4257.27,300.0,981.71,6,21.0,145278.62,2017-11-08,Auto Loan
969,77785.68,10.29%,30,2578.86,2630.32,300.0,6558.36,2,21.99,99505.67,2022-03-18,Auto Loan
970,6999.21,7.33%,30,10788.65,6718.24,300.0,346.49,11,24.41,10068.56,2015-02-19,Personal Loan
971,49294.18,1.03%,30,11595.77,2257.52,300.0,6684.26,0,26.43,73385.29,2018-11-17,Education Loan
972,17175.45,6.41%,30,10242.86,4566.84,300.0,6336.9,7,13.23,20248.97,2021-06-20,Personal Loan
973,1961.65,4.03%,30,8948.72,5974.77,300.0,431.97,9,23.96,2776.57,2017-09-25,Personal Loan
974,62824.4,3.53%,30,11540.92,5168.14,300.0,3684.2,5,116.11,77145.34,2023-09-13,Personal Loan
975,14908.43,6.97%,30,8084.32,5606.16,300.0,9712.62,8,34.18,22797.47,2020-08-22,Personal Loan
976,58511.15,6.61%,30,12895.93,3918.98,300.0,5458.27,6,78.61,74169.51,2018-09-05,Personal Loan
977,69933.42,4.73%,30,10829.58,2341.25,300.0,5075.32,4,18.2,89093.77,2022-01-25,Education Loan
978,49758.59,9.75%,30,452.34,4146.37,300.0,13182.58,3,1.33,73579.85,2015-01-12,Agricultural Loan
979,18337.49,6.54%,25,632.07,3344.43,300.0,8641.31,1,32.91,27447.94,2014-11-15,Home Loan
980,110791.06,8.85%,30,5858.24,4398.25,300.0,3139.17,1,9.88,169682.92,2023-05-17,Auto Loan
981,78944.92,6.34%,30,6276.28,2843.79,300.0,4309.57,3,26.71,117599.06,2021-07-24,Auto Loan
982,107712.35,2.45%,30,7482.89,28.48,300.0,5225.67,0,11.24,167079.25,2018-12-07,Education Loan
983,3308.28,7.33%,25,4446.62,3209.16,300.0,2918.2,1,6.91,3719.95,2019-07-02,Home Loan
984,15857.92,3.88%,6,4202.96,3183.52,300.0,8783.03,8,4.03,24210.59,2017-06-13,Agricultural Loan
985,8995.31,7.29%,30,431.82,392.06,300.0,2743.39,2,26.68,11472.38,2018-06-20,Home Loan
986,141517.38,3.71%,30,7047.53,1126.46,300.0,12171.51,2,33.46,218497.88,2020-05-05,Education Loan
987,21686.46,11.0%,30,1740.28,240.26,300.0,9293.68,9,28.65,29075.52,2018-01-15,Agricultural Loan
988,66921.18,13.11%,30,5161.27,4108.23,300.0,2067.84,4,17.79,102104.05,2021-05-22,Auto Loan
989,105693.62,8.76%,30,7359.17,2414.5,300.0,1468.65,0,19.11,137818.46,2018-08-17,Auto Loan
990,27560.12,2.58%,30,2746.53,2441.18,300.0,264.13,5,11.21,30643.18,2015-08-21,Education Loan
991,75641.0,1.0%,30,7012.94,3055.76,300.0,4509.64,1,6.14,108650.34,2023-07-16,Education Loan
992,29576.75,3.45%,18,235.94,50.98,300.0,6593.62,3,16.94,38624.36,2018-08-08,Home Loan
993,66015.66,14.51%,17,11112.34,4114.8,300.0,2424.53,4,49.6,84009.54,2015-03-12,Auto Loan
994,163030.04,3.04%,30,4380.16,7303.01,300.0,5493.9,5,25.16,207995.05,2021-03-09,Auto Loan
995,20727.23,9.98%,30,7108.4,1170.75,300.0,3924.75,2,33.42,22987.94,2018-01-01,Home Loan
996,62677.11,6.16%,30,10966.23,5996.1,300.0,6996.81,9,36.72,78362.31,2016-01-04,Personal Loan
997,26575.89,11.04%,13,3120.4,3190.14,300.0,7970.82,15,1.09,32498.36,2018-07-09,Agricultural Loan
998,28572.64,17.65%,30,7803.0,6913.91,300.0,3419.33,4,2.54,37843.16,2023-05-13,Personal Loan
999,83641.52,11.05%,30,8230.18,2957.71,300.0,3893.62,6,8.8,133813.97,2015-01-30,Auto Loan
